Time,open,high,low,close
2016-06-01 00:00:00,1.11319,1.1132,1.11317,1.1132
2016-06-01 00:01:00,1.11322,1.11322,1.11313,1.11313
2016-06-01 00:02:00,1.11313,1.11317,1.11311,1.11315
2016-06-01 00:03:00,1.11314,1.11325,1.11314,1.11325
2016-06-01 00:04:00,1.11325,1.11326,1.11325,1.11325
2016-06-01 00:05:00,1.11326,1.11326,1.11324,1.11325
2016-06-01 00:06:00,1.11326,1.11326,1.11325,1.11326
2016-06-01 00:07:00,1.11327,1.11327,1.11322,1.11322
2016-06-01 00:08:00,1.11324,1.11327,1.11324,1.11327
2016-06-01 00:09:00,1.11327,1.11327,1.11324,1.11325
2016-06-01 00:10:00,1.11325,1.11325,1.11322,1.11325
2016-06-01 00:11:00,1.11325,1.11325,1.11322,1.11322
2016-06-01 00:12:00,1.11322,1.11322,1.11322,1.11322
2016-06-01 00:13:00,1.11322,1.11322,1.1132,1.1132
2016-06-01 00:14:00,1.1132,1.11321,1.1132,1.11321
2016-06-01 00:15:00,1.1132,1.11321,1.1132,1.1132
2016-06-01 00:16:00,1.1132,1.11321,1.1132,1.1132
2016-06-01 00:17:00,1.11322,1.11329,1.11322,1.11329
2016-06-01 00:18:00,1.1133,1.1133,1.11322,1.11324
2016-06-01 00:19:00,1.11324,1.11324,1.11322,1.11324
2016-06-01 00:20:00,1.11325,1.11325,1.11325,1.11325
2016-06-01 00:21:00,1.11324,1.11324,1.11317,1.11321
2016-06-01 00:22:00,1.1132,1.11322,1.1132,1.11322
2016-06-01 00:23:00,,,,
2016-06-01 00:24:00,1.11321,1.11321,1.11321,1.11321
2016-06-01 00:25:00,1.11321,1.11321,1.1132,1.1132
2016-06-01 00:26:00,1.11317,1.11322,1.11317,1.11322
2016-06-01 00:27:00,1.11322,1.11323,1.11322,1.11322
2016-06-01 00:28:00,1.11322,1.11322,1.1131,1.11312
2016-06-01 00:29:00,1.11309,1.1131,1.11307,1.1131
2016-06-01 00:30:00,1.11309,1.11314,1.11309,1.11314
2016-06-01 00:31:00,1.11313,1.11316,1.1131,1.11316
2016-06-01 00:32:00,1.11328,1.11332,1.11328,1.1133
2016-06-01 00:33:00,1.11329,1.11336,1.11329,1.11336
2016-06-01 00:34:00,1.11337,1.1134,1.11336,1.11336
2016-06-01 00:35:00,1.11334,1.11334,1.1133,1.1133
2016-06-01 00:36:00,1.1133,1.11331,1.11324,1.11324
2016-06-01 00:37:00,1.11324,1.11325,1.11323,1.11323
2016-06-01 00:38:00,1.11322,1.11326,1.11307,1.11326
2016-06-01 00:39:00,1.11325,1.11328,1.11322,1.11323
2016-06-01 00:40:00,1.11323,1.11326,1.11323,1.11325
2016-06-01 00:41:00,1.11326,1.11326,1.11325,1.11325
2016-06-01 00:42:00,1.11325,1.11331,1.11325,1.1133
2016-06-01 00:43:00,1.1133,1.1133,1.11329,1.11329
2016-06-01 00:44:00,1.11328,1.11328,1.11325,1.11325
2016-06-01 00:45:00,1.11327,1.11327,1.11326,1.11326
2016-06-01 00:46:00,1.11325,1.11335,1.11325,1.11335
2016-06-01 00:47:00,1.11334,1.11334,1.11333,1.11333
2016-06-01 00:48:00,1.11331,1.11331,1.11328,1.11329
2016-06-01 00:49:00,1.1133,1.11332,1.11329,1.11332
2016-06-01 00:50:00,1.11332,1.11336,1.1133,1.11334
2016-06-01 00:51:00,1.11334,1.11334,1.11332,1.11333
2016-06-01 00:52:00,1.11333,1.11339,1.11332,1.11339
2016-06-01 00:53:00,1.11339,1.11349,1.11339,1.11344
2016-06-01 00:54:00,1.11345,1.1135,1.11337,1.11339
2016-06-01 00:55:00,1.11338,1.1134,1.11338,1.11339
2016-06-01 00:56:00,1.11339,1.11341,1.11338,1.11341
2016-06-01 00:57:00,1.1134,1.11346,1.1134,1.11345
2016-06-01 00:58:00,1.11344,1.11352,1.11344,1.11346
2016-06-01 00:59:00,1.11346,1.11346,1.11342,1.11342
2016-06-01 01:00:00,1.11342,1.11349,1.11332,1.11349
2016-06-01 01:01:00,1.1135,1.11369,1.1135,1.11354
2016-06-01 01:02:00,1.11354,1.11355,1.11344,1.11344
2016-06-01 01:03:00,1.11343,1.11348,1.11333,1.11333
2016-06-01 01:04:00,1.11333,1.11337,1.11325,1.11336
2016-06-01 01:05:00,1.11337,1.11341,1.11332,1.11335
2016-06-01 01:06:00,1.11335,1.11335,1.11314,1.11315
2016-06-01 01:07:00,1.11314,1.1132,1.11313,1.11316
2016-06-01 01:08:00,1.11315,1.11318,1.11307,1.11311
2016-06-01 01:09:00,1.11312,1.11316,1.11312,1.11316
2016-06-01 01:10:00,1.11316,1.11347,1.11316,1.11331
2016-06-01 01:11:00,1.11329,1.11332,1.11322,1.11324
2016-06-01 01:12:00,1.11324,1.11327,1.11305,1.11308
2016-06-01 01:13:00,1.11307,1.11307,1.11297,1.11297
2016-06-01 01:14:00,1.11297,1.11305,1.11297,1.11302
2016-06-01 01:15:00,1.11303,1.1131,1.11298,1.11308
2016-06-01 01:16:00,1.11309,1.1131,1.11304,1.1131
2016-06-01 01:17:00,1.11308,1.11308,1.11299,1.11299
2016-06-01 01:18:00,1.11299,1.11303,1.11297,1.11298
2016-06-01 01:19:00,1.11299,1.11312,1.11299,1.11308
2016-06-01 01:20:00,1.11308,1.11322,1.11305,1.11321
2016-06-01 01:21:00,1.1132,1.1132,1.11304,1.11306
2016-06-01 01:22:00,1.11305,1.11309,1.11305,1.11309
2016-06-01 01:23:00,1.11308,1.1131,1.11306,1.11309
2016-06-01 01:24:00,1.11308,1.11313,1.11308,1.11308
2016-06-01 01:25:00,1.11309,1.11309,1.11291,1.11292
2016-06-01 01:26:00,1.11293,1.11299,1.11289,1.1129
2016-06-01 01:27:00,1.11289,1.1129,1.11285,1.11285
2016-06-01 01:28:00,1.11286,1.11289,1.11285,1.11288
2016-06-01 01:29:00,1.11287,1.11287,1.1128,1.1128
2016-06-01 01:30:00,1.1128,1.11283,1.11266,1.11275
2016-06-01 01:31:00,1.11276,1.11276,1.11272,1.11272
2016-06-01 01:32:00,1.11272,1.11279,1.11272,1.11279
2016-06-01 01:33:00,1.11278,1.11288,1.11278,1.11279
2016-06-01 01:34:00,1.11279,1.11282,1.11279,1.11279
2016-06-01 01:35:00,1.11279,1.1128,1.11279,1.11279
2016-06-01 01:36:00,1.11279,1.11284,1.11279,1.11283
2016-06-01 01:37:00,1.11283,1.11285,1.11281,1.11285
2016-06-01 01:38:00,1.11284,1.11285,1.11282,1.11283
2016-06-01 01:39:00,1.11282,1.11283,1.11278,1.11279
2016-06-01 01:40:00,1.1128,1.11281,1.11279,1.1128
2016-06-01 01:41:00,1.1128,1.1128,1.11267,1.11267
2016-06-01 01:42:00,1.11268,1.11268,1.11243,1.11245
2016-06-01 01:43:00,1.11245,1.11261,1.11245,1.1126
2016-06-01 01:44:00,1.11261,1.11266,1.11239,1.11239
2016-06-01 01:45:00,1.1124,1.11254,1.11185,1.1124
2016-06-01 01:46:00,1.11239,1.1124,1.11237,1.1124
2016-06-01 01:47:00,1.11241,1.11251,1.11236,1.11251
2016-06-01 01:48:00,1.11249,1.11265,1.11249,1.11261
2016-06-01 01:49:00,1.11261,1.11268,1.1126,1.11268
2016-06-01 01:50:00,1.11267,1.11276,1.11267,1.11273
2016-06-01 01:51:00,1.11273,1.11276,1.11257,1.11259
2016-06-01 01:52:00,1.11259,1.11259,1.11245,1.11246
2016-06-01 01:53:00,1.11246,1.11247,1.11241,1.11242
2016-06-01 01:54:00,1.11243,1.1125,1.11233,1.11233
2016-06-01 01:55:00,1.11236,1.11251,1.11236,1.11242
2016-06-01 01:56:00,1.11242,1.11272,1.11242,1.11272
2016-06-01 01:57:00,1.11271,1.11273,1.11257,1.11266
2016-06-01 01:58:00,1.11268,1.11268,1.11257,1.11259
2016-06-01 01:59:00,1.11257,1.11264,1.11255,1.11255
2016-06-01 02:00:00,1.11257,1.11271,1.11257,1.11262
2016-06-01 02:01:00,1.11264,1.11279,1.11261,1.11275
2016-06-01 02:02:00,1.11276,1.11276,1.11259,1.11268
2016-06-01 02:03:00,1.11268,1.11275,1.11268,1.11268
2016-06-01 02:04:00,1.11269,1.11269,1.1126,1.1126
2016-06-01 02:05:00,1.11258,1.11268,1.11255,1.11259
2016-06-01 02:06:00,1.11259,1.11259,1.11249,1.11259
2016-06-01 02:07:00,1.11258,1.1126,1.11251,1.11251
2016-06-01 02:08:00,1.11252,1.11256,1.11246,1.11256
2016-06-01 02:09:00,1.11255,1.11261,1.11254,1.11259
2016-06-01 02:10:00,1.11259,1.11263,1.11258,1.11261
2016-06-01 02:11:00,1.11261,1.11273,1.11259,1.11273
2016-06-01 02:12:00,1.11272,1.11273,1.1127,1.11271
2016-06-01 02:13:00,1.11272,1.11277,1.11271,1.11273
2016-06-01 02:14:00,1.11272,1.11287,1.11272,1.11285
2016-06-01 02:15:00,1.11284,1.11286,1.11267,1.11272
2016-06-01 02:16:00,1.11272,1.11278,1.11271,1.11275
2016-06-01 02:17:00,1.11275,1.11276,1.11264,1.11271
2016-06-01 02:18:00,1.11271,1.11288,1.11267,1.11268
2016-06-01 02:19:00,1.11269,1.11282,1.11269,1.11281
2016-06-01 02:20:00,1.11281,1.11283,1.11278,1.11279
2016-06-01 02:21:00,1.11277,1.11277,1.11256,1.11268
2016-06-01 02:22:00,1.11267,1.11278,1.11267,1.11278
2016-06-01 02:23:00,1.11278,1.11278,1.1126,1.11262
2016-06-01 02:24:00,1.11262,1.11277,1.1126,1.1126
2016-06-01 02:25:00,1.1126,1.11262,1.11258,1.11262
2016-06-01 02:26:00,1.11261,1.11261,1.11254,1.11255
2016-06-01 02:27:00,1.11255,1.1126,1.11252,1.11254
2016-06-01 02:28:00,1.11253,1.11259,1.11253,1.11255
2016-06-01 02:29:00,1.11254,1.1126,1.11249,1.11256
2016-06-01 02:30:00,1.11255,1.11273,1.11255,1.11266
2016-06-01 02:31:00,1.11265,1.11269,1.11257,1.11268
2016-06-01 02:32:00,1.11268,1.11269,1.11258,1.11259
2016-06-01 02:33:00,1.11261,1.11281,1.11253,1.11256
2016-06-01 02:34:00,1.11256,1.11284,1.11256,1.11276
2016-06-01 02:35:00,1.11276,1.11276,1.11247,1.11247
2016-06-01 02:36:00,1.11248,1.11249,1.11234,1.11234
2016-06-01 02:37:00,1.11233,1.11236,1.11218,1.11232
2016-06-01 02:38:00,1.11232,1.11232,1.11212,1.11221
2016-06-01 02:39:00,1.11221,1.11232,1.11214,1.11216
2016-06-01 02:40:00,1.11216,1.11223,1.11214,1.11223
2016-06-01 02:41:00,1.11223,1.11226,1.11223,1.11224
2016-06-01 02:42:00,1.11225,1.11237,1.11222,1.11228
2016-06-01 02:43:00,1.11228,1.11228,1.11221,1.11225
2016-06-01 02:44:00,1.11227,1.11235,1.11222,1.11235
2016-06-01 02:45:00,1.11234,1.11234,1.11222,1.11228
2016-06-01 02:46:00,1.11228,1.11245,1.11221,1.11243
2016-06-01 02:47:00,1.11243,1.1125,1.11243,1.11248
2016-06-01 02:48:00,1.11247,1.11248,1.11238,1.11238
2016-06-01 02:49:00,1.11239,1.11246,1.11236,1.11236
2016-06-01 02:50:00,1.11237,1.11245,1.11237,1.11245
2016-06-01 02:51:00,1.11245,1.11245,1.1123,1.11238
2016-06-01 02:52:00,1.11238,1.1124,1.11228,1.11228
2016-06-01 02:53:00,1.11227,1.11229,1.11223,1.11226
2016-06-01 02:54:00,1.11226,1.11226,1.11219,1.1122
2016-06-01 02:55:00,1.11221,1.11225,1.1121,1.11218
2016-06-01 02:56:00,1.11217,1.11222,1.11216,1.11219
2016-06-01 02:57:00,1.11218,1.11231,1.11213,1.11223
2016-06-01 02:58:00,1.11224,1.11225,1.11192,1.112
2016-06-01 02:59:00,1.112,1.11202,1.11174,1.11178
2016-06-01 03:00:00,1.11177,1.1119,1.11177,1.11185
2016-06-01 03:01:00,1.11185,1.11188,1.11179,1.1118
2016-06-01 03:02:00,1.11181,1.11191,1.11177,1.1119
2016-06-01 03:03:00,1.11192,1.11201,1.11191,1.11201
2016-06-01 03:04:00,1.11201,1.11201,1.11196,1.11199
2016-06-01 03:05:00,1.112,1.1121,1.11199,1.1121
2016-06-01 03:06:00,1.1121,1.1122,1.11207,1.1122
2016-06-01 03:07:00,1.11221,1.11222,1.11215,1.11221
2016-06-01 03:08:00,1.11222,1.11223,1.1122,1.11223
2016-06-01 03:09:00,1.11224,1.11226,1.11224,1.11226
2016-06-01 03:10:00,1.11226,1.11245,1.11226,1.11245
2016-06-01 03:11:00,1.11245,1.11245,1.1123,1.11236
2016-06-01 03:12:00,1.11236,1.11243,1.11231,1.11241
2016-06-01 03:13:00,1.1124,1.11241,1.11236,1.11236
2016-06-01 03:14:00,1.11235,1.11235,1.1123,1.11234
2016-06-01 03:15:00,1.11233,1.11233,1.11221,1.11221
2016-06-01 03:16:00,1.11221,1.11228,1.11221,1.11228
2016-06-01 03:17:00,1.11228,1.11238,1.11228,1.11238
2016-06-01 03:18:00,1.11237,1.1124,1.11235,1.11239
2016-06-01 03:19:00,1.11239,1.11239,1.11225,1.11225
2016-06-01 03:20:00,1.11225,1.11225,1.11217,1.11218
2016-06-01 03:21:00,1.11219,1.11219,1.11207,1.11208
2016-06-01 03:22:00,1.11208,1.1121,1.11195,1.11197
2016-06-01 03:23:00,1.11197,1.11201,1.11189,1.112
2016-06-01 03:24:00,1.11199,1.112,1.11193,1.11194
2016-06-01 03:25:00,1.11195,1.11195,1.11185,1.11186
2016-06-01 03:26:00,1.11186,1.11194,1.11186,1.11191
2016-06-01 03:27:00,1.1119,1.11194,1.1119,1.11194
2016-06-01 03:28:00,1.11193,1.11195,1.11192,1.11194
2016-06-01 03:29:00,1.11195,1.11195,1.11188,1.11194
2016-06-01 03:30:00,1.11193,1.11195,1.1119,1.1119
2016-06-01 03:31:00,1.1119,1.11194,1.11187,1.11187
2016-06-01 03:32:00,1.11186,1.11196,1.11185,1.11195
2016-06-01 03:33:00,1.11194,1.112,1.11194,1.11199
2016-06-01 03:34:00,1.11199,1.11199,1.11188,1.11194
2016-06-01 03:35:00,1.11195,1.11196,1.11193,1.11194
2016-06-01 03:36:00,1.11195,1.11209,1.11195,1.11205
2016-06-01 03:37:00,1.11206,1.11213,1.11205,1.11213
2016-06-01 03:38:00,1.11213,1.11213,1.11209,1.11211
2016-06-01 03:39:00,1.11208,1.11216,1.11208,1.11214
2016-06-01 03:40:00,1.11213,1.11217,1.11211,1.11213
2016-06-01 03:41:00,1.11213,1.11219,1.11213,1.11215
2016-06-01 03:42:00,1.11215,1.11231,1.11214,1.11218
2016-06-01 03:43:00,1.11217,1.11226,1.11217,1.11224
2016-06-01 03:44:00,1.11225,1.11225,1.11218,1.11218
2016-06-01 03:45:00,1.11219,1.11239,1.11217,1.11238
2016-06-01 03:46:00,1.11237,1.11238,1.11233,1.11234
2016-06-01 03:47:00,1.11233,1.11235,1.11226,1.11226
2016-06-01 03:48:00,1.11225,1.11242,1.11222,1.1124
2016-06-01 03:49:00,1.11241,1.1125,1.11236,1.11239
2016-06-01 03:50:00,1.11239,1.11243,1.11237,1.11241
2016-06-01 03:51:00,1.11242,1.11248,1.11241,1.11244
2016-06-01 03:52:00,1.11243,1.11248,1.1124,1.11242
2016-06-01 03:53:00,1.11241,1.11249,1.11241,1.11247
2016-06-01 03:54:00,1.11248,1.11248,1.11241,1.11244
2016-06-01 03:55:00,1.11243,1.11247,1.11241,1.11242
2016-06-01 03:56:00,1.11242,1.11245,1.11226,1.11226
2016-06-01 03:57:00,1.11226,1.11234,1.11226,1.11234
2016-06-01 03:58:00,1.11233,1.11233,1.11229,1.11229
2016-06-01 03:59:00,1.11228,1.11237,1.11227,1.11237
2016-06-01 04:00:00,1.11237,1.11238,1.11228,1.11228
2016-06-01 04:01:00,1.11229,1.1123,1.11228,1.11228
2016-06-01 04:02:00,1.11227,1.11229,1.11216,1.11216
2016-06-01 04:03:00,1.11216,1.11223,1.11215,1.11216
2016-06-01 04:04:00,1.11216,1.1122,1.11213,1.11217
2016-06-01 04:05:00,1.11217,1.11219,1.11213,1.11214
2016-06-01 04:06:00,1.11213,1.11216,1.1121,1.1121
2016-06-01 04:07:00,1.11209,1.11209,1.11206,1.11207
2016-06-01 04:08:00,1.11208,1.1121,1.11195,1.11195
2016-06-01 04:09:00,1.11194,1.11195,1.11181,1.11181
2016-06-01 04:10:00,1.11182,1.11185,1.11163,1.11164
2016-06-01 04:11:00,1.11166,1.1117,1.11158,1.11161
2016-06-01 04:12:00,1.11162,1.11164,1.11151,1.11151
2016-06-01 04:13:00,1.11152,1.11164,1.11151,1.11159
2016-06-01 04:14:00,1.11159,1.11163,1.11144,1.11159
2016-06-01 04:15:00,1.11159,1.11165,1.11158,1.11161
2016-06-01 04:16:00,1.1116,1.11166,1.1116,1.11165
2016-06-01 04:17:00,1.11165,1.11167,1.11162,1.11166
2016-06-01 04:18:00,1.11166,1.11178,1.11165,1.11178
2016-06-01 04:19:00,1.11177,1.11187,1.11171,1.11186
2016-06-01 04:20:00,1.11187,1.11187,1.11181,1.11187
2016-06-01 04:21:00,1.1119,1.11194,1.11188,1.1119
2016-06-01 04:22:00,1.11191,1.11191,1.11171,1.11191
2016-06-01 04:23:00,1.1119,1.11197,1.1119,1.11197
2016-06-01 04:24:00,1.11196,1.11201,1.11196,1.112
2016-06-01 04:25:00,1.11201,1.11208,1.11199,1.11206
2016-06-01 04:26:00,1.11206,1.11213,1.11206,1.11212
2016-06-01 04:27:00,1.11213,1.11216,1.11208,1.11213
2016-06-01 04:28:00,1.11214,1.11215,1.1121,1.11215
2016-06-01 04:29:00,1.11213,1.11215,1.11212,1.11214
2016-06-01 04:30:00,1.11214,1.11215,1.11212,1.11213
2016-06-01 04:31:00,1.11213,1.11214,1.11213,1.11214
2016-06-01 04:32:00,1.11214,1.11215,1.11214,1.11215
2016-06-01 04:33:00,1.11216,1.11216,1.11211,1.11213
2016-06-01 04:34:00,1.11213,1.11213,1.11207,1.11209
2016-06-01 04:35:00,1.11209,1.11211,1.11207,1.11208
2016-06-01 04:36:00,1.11207,1.11213,1.11207,1.11213
2016-06-01 04:37:00,1.11213,1.11215,1.11203,1.11205
2016-06-01 04:38:00,1.11205,1.11213,1.11205,1.11208
2016-06-01 04:39:00,1.11209,1.11209,1.11204,1.11205
2016-06-01 04:40:00,1.11206,1.11207,1.11202,1.11206
2016-06-01 04:41:00,1.11207,1.11207,1.11196,1.11196
2016-06-01 04:42:00,1.11196,1.112,1.11196,1.11198
2016-06-01 04:43:00,1.11198,1.11199,1.11197,1.11199
2016-06-01 04:44:00,1.112,1.11208,1.11199,1.11207
2016-06-01 04:45:00,1.11207,1.11212,1.11207,1.1121
2016-06-01 04:46:00,1.1121,1.11212,1.11209,1.11212
2016-06-01 04:47:00,1.11211,1.11211,1.11207,1.11208
2016-06-01 04:48:00,1.11207,1.11217,1.11207,1.11216
2016-06-01 04:49:00,1.11216,1.11233,1.11216,1.11233
2016-06-01 04:50:00,1.11234,1.11236,1.11225,1.11235
2016-06-01 04:51:00,1.11235,1.11237,1.11231,1.11233
2016-06-01 04:52:00,1.11233,1.11237,1.11228,1.11228
2016-06-01 04:53:00,1.11227,1.11248,1.11227,1.11245
2016-06-01 04:54:00,1.11243,1.11243,1.11228,1.11229
2016-06-01 04:55:00,1.1123,1.11232,1.1123,1.11232
2016-06-01 04:56:00,1.11232,1.11234,1.11221,1.11221
2016-06-01 04:57:00,1.11221,1.11221,1.11213,1.11214
2016-06-01 04:58:00,1.11214,1.1122,1.11214,1.1122
2016-06-01 04:59:00,1.1122,1.11239,1.1122,1.11237
2016-06-01 05:00:00,1.11238,1.1124,1.1123,1.11231
2016-06-01 05:01:00,1.11231,1.11231,1.11222,1.11222
2016-06-01 05:02:00,1.11221,1.11226,1.11216,1.11221
2016-06-01 05:03:00,1.1122,1.11221,1.11201,1.11201
2016-06-01 05:04:00,1.11202,1.1121,1.112,1.11209
2016-06-01 05:05:00,1.11208,1.11214,1.11204,1.11209
2016-06-01 05:06:00,1.11208,1.11214,1.11203,1.11203
2016-06-01 05:07:00,1.11203,1.11206,1.11202,1.11202
2016-06-01 05:08:00,1.11202,1.11202,1.11197,1.112
2016-06-01 05:09:00,1.11199,1.11201,1.11197,1.11201
2016-06-01 05:10:00,1.11202,1.11204,1.11202,1.11204
2016-06-01 05:11:00,1.11204,1.11214,1.11204,1.11214
2016-06-01 05:12:00,1.11214,1.11214,1.11208,1.11213
2016-06-01 05:13:00,1.11213,1.11215,1.1121,1.11212
2016-06-01 05:14:00,1.11212,1.11214,1.11212,1.11212
2016-06-01 05:15:00,1.11212,1.11213,1.11212,1.11213
2016-06-01 05:16:00,1.11214,1.11214,1.11213,1.11214
2016-06-01 05:17:00,1.11214,1.11214,1.11204,1.11204
2016-06-01 05:18:00,1.11206,1.11207,1.11204,1.11205
2016-06-01 05:19:00,1.11205,1.11207,1.11197,1.11201
2016-06-01 05:20:00,1.11201,1.11203,1.11197,1.11197
2016-06-01 05:21:00,1.11197,1.11205,1.11197,1.11204
2016-06-01 05:22:00,1.11204,1.11205,1.11203,1.11204
2016-06-01 05:23:00,1.11204,1.11204,1.11197,1.11203
2016-06-01 05:24:00,1.11203,1.11204,1.11202,1.11204
2016-06-01 05:25:00,1.11203,1.11203,1.11197,1.11198
2016-06-01 05:26:00,1.11197,1.11199,1.11197,1.11198
2016-06-01 05:27:00,1.11198,1.11198,1.1119,1.1119
2016-06-01 05:28:00,1.11191,1.11198,1.11191,1.11196
2016-06-01 05:29:00,1.11196,1.11198,1.11195,1.11198
2016-06-01 05:30:00,1.11198,1.11203,1.11198,1.11201
2016-06-01 05:31:00,1.11202,1.11204,1.11199,1.112
2016-06-01 05:32:00,1.112,1.11204,1.112,1.11202
2016-06-01 05:33:00,1.11202,1.11205,1.11201,1.11204
2016-06-01 05:34:00,1.11204,1.11215,1.11202,1.11215
2016-06-01 05:35:00,1.11215,1.11223,1.11215,1.1122
2016-06-01 05:36:00,1.11221,1.11225,1.11221,1.11223
2016-06-01 05:37:00,1.11223,1.11236,1.11221,1.11232
2016-06-01 05:38:00,1.11233,1.11233,1.11227,1.11229
2016-06-01 05:39:00,1.11229,1.11231,1.11225,1.11227
2016-06-01 05:40:00,1.11226,1.11227,1.11219,1.11219
2016-06-01 05:41:00,1.11219,1.11221,1.11219,1.11219
2016-06-01 05:42:00,1.11219,1.11221,1.11217,1.11218
2016-06-01 05:43:00,1.11218,1.11222,1.11218,1.11222
2016-06-01 05:44:00,1.1122,1.11221,1.1122,1.11221
2016-06-01 05:45:00,1.11221,1.11221,1.11221,1.11221
2016-06-01 05:46:00,1.11222,1.1125,1.11222,1.1125
2016-06-01 05:47:00,1.11249,1.11249,1.11237,1.11239
2016-06-01 05:48:00,1.11239,1.11244,1.11239,1.11244
2016-06-01 05:49:00,1.11244,1.11244,1.11227,1.11228
2016-06-01 05:50:00,1.11228,1.11234,1.11224,1.11224
2016-06-01 05:51:00,1.11225,1.11231,1.1122,1.1122
2016-06-01 05:52:00,1.11221,1.11223,1.1122,1.1122
2016-06-01 05:53:00,1.1122,1.11222,1.1122,1.11221
2016-06-01 05:54:00,1.11221,1.11225,1.11221,1.11224
2016-06-01 05:55:00,1.11224,1.11226,1.11224,1.11224
2016-06-01 05:56:00,1.11224,1.11224,1.11223,1.11224
2016-06-01 05:57:00,1.11224,1.11228,1.11224,1.11226
2016-06-01 05:58:00,1.11224,1.11234,1.1122,1.11233
2016-06-01 05:59:00,1.11232,1.11243,1.11231,1.11243
2016-06-01 06:00:00,1.11242,1.11243,1.11242,1.11243
2016-06-01 06:01:00,1.11243,1.11248,1.11241,1.11247
2016-06-01 06:02:00,1.11245,1.11275,1.11242,1.11245
2016-06-01 06:03:00,1.11244,1.11247,1.11207,1.11207
2016-06-01 06:04:00,1.11207,1.11223,1.11207,1.11223
2016-06-01 06:05:00,1.11222,1.11222,1.11206,1.11209
2016-06-01 06:06:00,1.11207,1.11209,1.11194,1.112
2016-06-01 06:07:00,1.112,1.11201,1.11195,1.11199
2016-06-01 06:08:00,1.112,1.11201,1.11191,1.11195
2016-06-01 06:09:00,1.11195,1.11199,1.11194,1.11196
2016-06-01 06:10:00,1.11197,1.11203,1.11194,1.11195
2016-06-01 06:11:00,1.11196,1.11203,1.11184,1.11184
2016-06-01 06:12:00,1.11184,1.11184,1.11165,1.11173
2016-06-01 06:13:00,1.11173,1.11184,1.11172,1.11184
2016-06-01 06:14:00,1.11184,1.11198,1.11184,1.11186
2016-06-01 06:15:00,1.11189,1.11214,1.11189,1.1121
2016-06-01 06:16:00,1.11209,1.11213,1.11196,1.112
2016-06-01 06:17:00,1.112,1.11215,1.11197,1.11215
2016-06-01 06:18:00,1.11214,1.11215,1.11211,1.11214
2016-06-01 06:19:00,1.11214,1.1122,1.11212,1.11218
2016-06-01 06:20:00,1.11219,1.11227,1.11219,1.11224
2016-06-01 06:21:00,1.11227,1.1123,1.11227,1.11229
2016-06-01 06:22:00,1.11229,1.1123,1.11212,1.11219
2016-06-01 06:23:00,1.11219,1.11224,1.11216,1.1122
2016-06-01 06:24:00,1.1122,1.11228,1.1122,1.11227
2016-06-01 06:25:00,1.11228,1.11247,1.11226,1.11235
2016-06-01 06:26:00,1.11234,1.11282,1.1123,1.11257
2016-06-01 06:27:00,1.11256,1.11258,1.11206,1.11207
2016-06-01 06:28:00,1.11206,1.11215,1.11184,1.11207
2016-06-01 06:29:00,1.11207,1.11212,1.11192,1.11192
2016-06-01 06:30:00,1.11194,1.11226,1.11192,1.11219
2016-06-01 06:31:00,1.11218,1.11241,1.11218,1.1124
2016-06-01 06:32:00,1.1124,1.11244,1.1123,1.11234
2016-06-01 06:33:00,1.11232,1.11248,1.11232,1.11244
2016-06-01 06:34:00,1.11244,1.11264,1.11244,1.1126
2016-06-01 06:35:00,1.11261,1.11275,1.11259,1.11261
2016-06-01 06:36:00,1.11261,1.11283,1.1126,1.11275
2016-06-01 06:37:00,1.11274,1.11299,1.11268,1.11299
2016-06-01 06:38:00,1.113,1.11309,1.11291,1.11297
2016-06-01 06:39:00,1.11297,1.113,1.11283,1.11283
2016-06-01 06:40:00,1.11283,1.1129,1.11271,1.1128
2016-06-01 06:41:00,1.11279,1.11286,1.11277,1.1128
2016-06-01 06:42:00,1.1128,1.1128,1.11271,1.11272
2016-06-01 06:43:00,1.11273,1.11276,1.11272,1.11273
2016-06-01 06:44:00,1.11273,1.11274,1.11268,1.11269
2016-06-01 06:45:00,1.11269,1.11271,1.11261,1.11261
2016-06-01 06:46:00,1.11258,1.11258,1.11232,1.11233
2016-06-01 06:47:00,1.11235,1.11246,1.11233,1.11246
2016-06-01 06:48:00,1.11246,1.11248,1.11236,1.11236
2016-06-01 06:49:00,1.11236,1.11253,1.11236,1.11238
2016-06-01 06:50:00,1.11238,1.11251,1.11238,1.11249
2016-06-01 06:51:00,1.1125,1.11252,1.11248,1.1125
2016-06-01 06:52:00,1.11251,1.11253,1.11249,1.11251
2016-06-01 06:53:00,1.11252,1.11259,1.11251,1.11257
2016-06-01 06:54:00,1.11257,1.11257,1.11252,1.11254
2016-06-01 06:55:00,1.11254,1.11263,1.11252,1.11257
2016-06-01 06:56:00,1.11257,1.11261,1.11255,1.11261
2016-06-01 06:57:00,1.1126,1.1126,1.11244,1.11246
2016-06-01 06:58:00,1.11246,1.1125,1.11243,1.11247
2016-06-01 06:59:00,1.11248,1.11248,1.1124,1.11243
2016-06-01 07:00:00,1.11241,1.11241,1.11199,1.11204
2016-06-01 07:01:00,1.11205,1.11236,1.11205,1.11235
2016-06-01 07:02:00,1.11235,1.11266,1.11235,1.11266
2016-06-01 07:03:00,1.11267,1.11269,1.11243,1.11266
2016-06-01 07:04:00,1.11265,1.11268,1.11254,1.11268
2016-06-01 07:05:00,1.11268,1.11288,1.11261,1.11288
2016-06-01 07:06:00,1.1129,1.1129,1.11268,1.11269
2016-06-01 07:07:00,1.1127,1.11273,1.11261,1.11269
2016-06-01 07:08:00,1.1127,1.11271,1.11234,1.11238
2016-06-01 07:09:00,1.11239,1.11245,1.1121,1.11214
2016-06-01 07:10:00,1.11216,1.11226,1.112,1.11221
2016-06-01 07:11:00,1.11222,1.1125,1.11222,1.11236
2016-06-01 07:12:00,1.11235,1.11235,1.11218,1.11223
2016-06-01 07:13:00,1.11222,1.11233,1.11214,1.11222
2016-06-01 07:14:00,1.11222,1.1123,1.11216,1.11218
2016-06-01 07:15:00,1.11217,1.11222,1.112,1.11205
2016-06-01 07:16:00,1.11204,1.11234,1.11204,1.11229
2016-06-01 07:17:00,1.11227,1.1123,1.11214,1.11221
2016-06-01 07:18:00,1.11222,1.11226,1.1121,1.11221
2016-06-01 07:19:00,1.1122,1.11233,1.11218,1.11224
2016-06-01 07:20:00,1.11223,1.11227,1.11212,1.11227
2016-06-01 07:21:00,1.11228,1.11256,1.11228,1.11235
2016-06-01 07:22:00,1.11236,1.11236,1.11213,1.11215
2016-06-01 07:23:00,1.11214,1.11222,1.11206,1.11222
2016-06-01 07:24:00,1.11222,1.11225,1.11218,1.11223
2016-06-01 07:25:00,1.11223,1.1123,1.11215,1.11227
2016-06-01 07:26:00,1.11227,1.11232,1.11215,1.11224
2016-06-01 07:27:00,1.11224,1.11243,1.11222,1.11243
2016-06-01 07:28:00,1.11243,1.11246,1.11223,1.1123
2016-06-01 07:29:00,1.11231,1.11265,1.11231,1.11255
2016-06-01 07:30:00,1.11256,1.11265,1.11247,1.11252
2016-06-01 07:31:00,1.11252,1.11272,1.11252,1.11271
2016-06-01 07:32:00,1.11272,1.11291,1.11271,1.11288
2016-06-01 07:33:00,1.11288,1.11318,1.11274,1.11305
2016-06-01 07:34:00,1.11305,1.11326,1.11286,1.11326
2016-06-01 07:35:00,1.11325,1.11331,1.11309,1.11309
2016-06-01 07:36:00,1.11307,1.1135,1.11307,1.11342
2016-06-01 07:37:00,1.11341,1.11349,1.11335,1.11336
2016-06-01 07:38:00,1.11335,1.11336,1.11293,1.11294
2016-06-01 07:39:00,1.11294,1.11331,1.11291,1.1133
2016-06-01 07:40:00,1.11331,1.11331,1.11317,1.11317
2016-06-01 07:41:00,1.11317,1.11345,1.11317,1.11342
2016-06-01 07:42:00,1.11342,1.11347,1.11338,1.11345
2016-06-01 07:43:00,1.11345,1.11356,1.11322,1.11333
2016-06-01 07:44:00,1.11333,1.11333,1.11303,1.1131
2016-06-01 07:45:00,1.11311,1.11312,1.11283,1.11301
2016-06-01 07:46:00,1.11301,1.11301,1.11272,1.11274
2016-06-01 07:47:00,1.11274,1.11287,1.1127,1.11275
2016-06-01 07:48:00,1.11274,1.11287,1.11265,1.11287
2016-06-01 07:49:00,1.11289,1.11291,1.11258,1.11259
2016-06-01 07:50:00,1.11259,1.11277,1.11259,1.11277
2016-06-01 07:51:00,1.11276,1.11286,1.1127,1.1127
2016-06-01 07:52:00,1.1127,1.11275,1.11261,1.11269
2016-06-01 07:53:00,1.11268,1.11274,1.11265,1.11272
2016-06-01 07:54:00,1.11271,1.11284,1.11264,1.1128
2016-06-01 07:55:00,1.11279,1.11288,1.11276,1.11287
2016-06-01 07:56:00,1.11286,1.11286,1.11266,1.11267
2016-06-01 07:57:00,1.11268,1.11275,1.11264,1.11273
2016-06-01 07:58:00,1.11272,1.11272,1.11255,1.11255
2016-06-01 07:59:00,1.11253,1.11255,1.11244,1.11252
2016-06-01 08:00:00,1.11248,1.11256,1.11225,1.11247
2016-06-01 08:01:00,1.11248,1.11278,1.11241,1.11273
2016-06-01 08:02:00,1.11274,1.1129,1.11274,1.11287
2016-06-01 08:03:00,1.11286,1.11315,1.11286,1.11302
2016-06-01 08:04:00,1.11304,1.11315,1.11304,1.1131
2016-06-01 08:05:00,1.11311,1.11325,1.11309,1.11321
2016-06-01 08:06:00,1.11322,1.11342,1.11322,1.11333
2016-06-01 08:07:00,1.11332,1.11335,1.11324,1.11333
2016-06-01 08:08:00,1.11333,1.11334,1.11316,1.1132
2016-06-01 08:09:00,1.11321,1.11328,1.11317,1.1132
2016-06-01 08:10:00,1.1132,1.11321,1.11307,1.1131
2016-06-01 08:11:00,1.1131,1.1133,1.1131,1.11317
2016-06-01 08:12:00,1.11318,1.11322,1.11306,1.11308
2016-06-01 08:13:00,1.11309,1.11312,1.11305,1.11311
2016-06-01 08:14:00,1.11312,1.11312,1.11301,1.11311
2016-06-01 08:15:00,1.11312,1.11322,1.113,1.11313
2016-06-01 08:16:00,1.11313,1.11315,1.11301,1.11301
2016-06-01 08:17:00,1.11301,1.11311,1.11284,1.11287
2016-06-01 08:18:00,1.11288,1.11301,1.11284,1.11301
2016-06-01 08:19:00,1.11301,1.11333,1.11297,1.11333
2016-06-01 08:20:00,1.11333,1.11337,1.1132,1.11322
2016-06-01 08:21:00,1.11324,1.11327,1.11314,1.11315
2016-06-01 08:22:00,1.11315,1.11326,1.11315,1.1132
2016-06-01 08:23:00,1.11318,1.11319,1.11302,1.11306
2016-06-01 08:24:00,1.11306,1.11309,1.11293,1.11294
2016-06-01 08:25:00,1.11295,1.11305,1.11294,1.11301
2016-06-01 08:26:00,1.11302,1.11302,1.11293,1.11295
2016-06-01 08:27:00,1.11295,1.11302,1.1129,1.11302
2016-06-01 08:28:00,1.11302,1.11302,1.11295,1.11295
2016-06-01 08:29:00,1.11296,1.11304,1.11294,1.11304
2016-06-01 08:30:00,1.11304,1.11324,1.11303,1.11322
2016-06-01 08:31:00,1.11322,1.11351,1.1132,1.11351
2016-06-01 08:32:00,1.1135,1.11377,1.11348,1.11376
2016-06-01 08:33:00,1.11375,1.11385,1.11372,1.11376
2016-06-01 08:34:00,1.11374,1.11405,1.11372,1.11392
2016-06-01 08:35:00,1.11391,1.11407,1.11391,1.114
2016-06-01 08:36:00,1.11402,1.11402,1.11394,1.11394
2016-06-01 08:37:00,1.11394,1.11416,1.11387,1.11413
2016-06-01 08:38:00,1.11413,1.11432,1.11411,1.11417
2016-06-01 08:39:00,1.11416,1.11423,1.11409,1.11415
2016-06-01 08:40:00,1.11415,1.11422,1.11411,1.11419
2016-06-01 08:41:00,1.11421,1.11453,1.1142,1.11448
2016-06-01 08:42:00,1.11447,1.11448,1.11426,1.11427
2016-06-01 08:43:00,1.11426,1.11434,1.11421,1.11421
2016-06-01 08:44:00,1.1142,1.11424,1.1141,1.11419
2016-06-01 08:45:00,1.11419,1.1142,1.11394,1.11404
2016-06-01 08:46:00,1.11403,1.11409,1.11381,1.11405
2016-06-01 08:47:00,1.11405,1.11446,1.11404,1.11442
2016-06-01 08:48:00,1.11443,1.11518,1.11432,1.11517
2016-06-01 08:49:00,1.11517,1.1156,1.11503,1.11523
2016-06-01 08:50:00,1.1152,1.11522,1.11491,1.11504
2016-06-01 08:51:00,1.11502,1.11518,1.11489,1.11509
2016-06-01 08:52:00,1.11507,1.11518,1.11495,1.11514
2016-06-01 08:53:00,1.11514,1.11534,1.11503,1.11515
2016-06-01 08:54:00,1.11513,1.11531,1.1151,1.11522
2016-06-01 08:55:00,1.11523,1.1156,1.1152,1.11543
2016-06-01 08:56:00,1.11544,1.1156,1.1154,1.11544
2016-06-01 08:57:00,1.11544,1.11547,1.11515,1.11515
2016-06-01 08:58:00,1.11513,1.1153,1.11511,1.11514
2016-06-01 08:59:00,1.11512,1.11541,1.115,1.1153
2016-06-01 09:00:00,1.1153,1.11542,1.11516,1.11525
2016-06-01 09:01:00,1.11525,1.11546,1.11524,1.11527
2016-06-01 09:02:00,1.11525,1.11556,1.1152,1.11556
2016-06-01 09:03:00,1.1156,1.1156,1.11537,1.11545
2016-06-01 09:04:00,1.11547,1.11547,1.11528,1.11531
2016-06-01 09:05:00,1.1153,1.11536,1.11511,1.11514
2016-06-01 09:06:00,1.11515,1.11516,1.11506,1.11516
2016-06-01 09:07:00,1.11516,1.1152,1.11499,1.1152
2016-06-01 09:08:00,1.11522,1.11536,1.11509,1.1151
2016-06-01 09:09:00,1.1151,1.11515,1.11499,1.115
2016-06-01 09:10:00,1.115,1.115,1.11463,1.11463
2016-06-01 09:11:00,1.11461,1.11485,1.11458,1.11473
2016-06-01 09:12:00,1.11471,1.11507,1.1147,1.11495
2016-06-01 09:13:00,1.11494,1.11511,1.11492,1.1151
2016-06-01 09:14:00,1.1151,1.11512,1.11484,1.115
2016-06-01 09:15:00,1.11499,1.11501,1.1147,1.11472
2016-06-01 09:16:00,1.11472,1.11475,1.11464,1.11474
2016-06-01 09:17:00,1.11474,1.11488,1.11471,1.11485
2016-06-01 09:18:00,1.11484,1.11505,1.11481,1.11494
2016-06-01 09:19:00,1.11495,1.11504,1.11488,1.11504
2016-06-01 09:20:00,1.11504,1.11514,1.11499,1.11501
2016-06-01 09:21:00,1.115,1.11513,1.11494,1.11507
2016-06-01 09:22:00,1.11506,1.11506,1.11482,1.11491
2016-06-01 09:23:00,1.11492,1.11507,1.1149,1.11501
2016-06-01 09:24:00,1.115,1.11515,1.11493,1.11503
2016-06-01 09:25:00,1.11503,1.11517,1.11503,1.1151
2016-06-01 09:26:00,1.11508,1.1151,1.11496,1.1151
2016-06-01 09:27:00,1.11511,1.11517,1.1151,1.11517
2016-06-01 09:28:00,1.11517,1.11546,1.11517,1.11546
2016-06-01 09:29:00,1.11546,1.11555,1.11536,1.11539
2016-06-01 09:30:00,1.1154,1.11541,1.11515,1.11527
2016-06-01 09:31:00,1.11525,1.11534,1.11516,1.11528
2016-06-01 09:32:00,1.11527,1.11543,1.11525,1.11532
2016-06-01 09:33:00,1.11532,1.11532,1.11498,1.11505
2016-06-01 09:34:00,1.11505,1.1152,1.115,1.11512
2016-06-01 09:35:00,1.11512,1.1153,1.11512,1.11515
2016-06-01 09:36:00,1.11513,1.11542,1.11512,1.1154
2016-06-01 09:37:00,1.11541,1.11547,1.11524,1.11546
2016-06-01 09:38:00,1.11546,1.11546,1.11535,1.11539
2016-06-01 09:39:00,1.11539,1.11544,1.11525,1.1154
2016-06-01 09:40:00,1.11539,1.11556,1.11536,1.11553
2016-06-01 09:41:00,1.11552,1.11554,1.1154,1.11544
2016-06-01 09:42:00,1.11543,1.11565,1.11539,1.11563
2016-06-01 09:43:00,1.11564,1.1159,1.11563,1.11574
2016-06-01 09:44:00,1.11574,1.11596,1.11565,1.11593
2016-06-01 09:45:00,1.11594,1.11601,1.11589,1.11601
2016-06-01 09:46:00,1.11602,1.11602,1.11591,1.11594
2016-06-01 09:47:00,1.11592,1.11614,1.1159,1.11606
2016-06-01 09:48:00,1.11605,1.11622,1.11605,1.11621
2016-06-01 09:49:00,1.1162,1.1162,1.11606,1.1161
2016-06-01 09:50:00,1.11609,1.11609,1.11589,1.11596
2016-06-01 09:51:00,1.11591,1.11598,1.11584,1.11591
2016-06-01 09:52:00,1.11592,1.11609,1.11591,1.11608
2016-06-01 09:53:00,1.11607,1.11612,1.11596,1.11596
2016-06-01 09:54:00,1.11597,1.11598,1.11567,1.1157
2016-06-01 09:55:00,1.1157,1.11578,1.1157,1.11573
2016-06-01 09:56:00,1.11574,1.11578,1.11568,1.1157
2016-06-01 09:57:00,1.11569,1.11576,1.11562,1.11573
2016-06-01 09:58:00,1.11574,1.11575,1.11569,1.1157
2016-06-01 09:59:00,1.1157,1.1157,1.1155,1.11553
2016-06-01 10:00:00,1.11552,1.11553,1.1154,1.11549
2016-06-01 10:01:00,1.11549,1.11567,1.11543,1.11555
2016-06-01 10:02:00,1.11554,1.11559,1.1155,1.11553
2016-06-01 10:03:00,1.11554,1.11554,1.11529,1.1153
2016-06-01 10:04:00,1.1153,1.11542,1.11529,1.11538
2016-06-01 10:05:00,1.11538,1.11557,1.11534,1.11534
2016-06-01 10:06:00,1.11535,1.11545,1.1152,1.1152
2016-06-01 10:07:00,1.11521,1.11537,1.1152,1.11533
2016-06-01 10:08:00,1.11532,1.1154,1.11524,1.1153
2016-06-01 10:09:00,1.1153,1.11546,1.11529,1.1154
2016-06-01 10:10:00,1.11541,1.11567,1.1154,1.11566
2016-06-01 10:11:00,1.11566,1.11566,1.11553,1.11555
2016-06-01 10:12:00,1.11555,1.1156,1.1155,1.11559
2016-06-01 10:13:00,1.11558,1.11558,1.11544,1.11548
2016-06-01 10:14:00,1.11547,1.11566,1.11547,1.1156
2016-06-01 10:15:00,1.11562,1.11574,1.1156,1.11569
2016-06-01 10:16:00,1.11569,1.11577,1.11563,1.11577
2016-06-01 10:17:00,1.11577,1.11579,1.1157,1.11571
2016-06-01 10:18:00,1.11571,1.11588,1.11571,1.11577
2016-06-01 10:19:00,1.11577,1.11616,1.11575,1.11595
2016-06-01 10:20:00,1.11595,1.1161,1.11595,1.11597
2016-06-01 10:21:00,1.11597,1.11605,1.11594,1.11604
2016-06-01 10:22:00,1.11603,1.11603,1.11576,1.11581
2016-06-01 10:23:00,1.11581,1.1159,1.11579,1.11586
2016-06-01 10:24:00,1.11586,1.11594,1.11585,1.11592
2016-06-01 10:25:00,1.11593,1.11604,1.11586,1.11603
2016-06-01 10:26:00,1.11603,1.11606,1.1159,1.116
2016-06-01 10:27:00,1.116,1.11603,1.11593,1.11597
2016-06-01 10:28:00,1.11597,1.11602,1.11579,1.11582
2016-06-01 10:29:00,1.11581,1.11593,1.1158,1.11584
2016-06-01 10:30:00,1.11583,1.11589,1.11576,1.11587
2016-06-01 10:31:00,1.11586,1.11601,1.11586,1.11599
2016-06-01 10:32:00,1.116,1.11625,1.116,1.11623
2016-06-01 10:33:00,1.11623,1.11623,1.11602,1.11604
2016-06-01 10:34:00,1.11605,1.11613,1.11581,1.11585
2016-06-01 10:35:00,1.11585,1.11592,1.11579,1.11587
2016-06-01 10:36:00,1.11587,1.11593,1.11574,1.11576
2016-06-01 10:37:00,1.11575,1.11593,1.11575,1.11591
2016-06-01 10:38:00,1.11592,1.116,1.1159,1.11591
2016-06-01 10:39:00,1.11591,1.11597,1.11591,1.11596
2016-06-01 10:40:00,1.11596,1.11609,1.11592,1.11599
2016-06-01 10:41:00,1.116,1.11606,1.11598,1.11605
2016-06-01 10:42:00,1.11606,1.11606,1.11592,1.11598
2016-06-01 10:43:00,1.11599,1.11599,1.11589,1.11592
2016-06-01 10:44:00,1.11593,1.11608,1.11588,1.11606
2016-06-01 10:45:00,1.11607,1.11616,1.11606,1.11616
2016-06-01 10:46:00,1.11616,1.11624,1.11611,1.11623
2016-06-01 10:47:00,1.11624,1.11625,1.11612,1.11617
2016-06-01 10:48:00,1.11616,1.11624,1.1161,1.11612
2016-06-01 10:49:00,1.11611,1.11628,1.11604,1.11628
2016-06-01 10:50:00,1.1163,1.11634,1.11619,1.11621
2016-06-01 10:51:00,1.11621,1.11627,1.11611,1.11611
2016-06-01 10:52:00,1.1161,1.11615,1.11587,1.11587
2016-06-01 10:53:00,1.11588,1.11594,1.11576,1.11582
2016-06-01 10:54:00,1.11581,1.11589,1.1157,1.11579
2016-06-01 10:55:00,1.1158,1.11595,1.11577,1.11595
2016-06-01 10:56:00,1.11596,1.11603,1.11591,1.116
2016-06-01 10:57:00,1.116,1.11615,1.11597,1.11613
2016-06-01 10:58:00,1.11614,1.11624,1.11607,1.11618
2016-06-01 10:59:00,1.11617,1.11631,1.11617,1.11628
2016-06-01 11:00:00,1.11628,1.1163,1.11605,1.11609
2016-06-01 11:01:00,1.1161,1.11615,1.11594,1.11614
2016-06-01 11:02:00,1.11613,1.11615,1.11607,1.11611
2016-06-01 11:03:00,1.11611,1.11613,1.11607,1.11609
2016-06-01 11:04:00,1.11609,1.11614,1.11603,1.11609
2016-06-01 11:05:00,1.1161,1.11614,1.11604,1.1161
2016-06-01 11:06:00,1.11611,1.11618,1.11611,1.11616
2016-06-01 11:07:00,1.11616,1.11616,1.11608,1.11608
2016-06-01 11:08:00,1.11608,1.11619,1.11605,1.1161
2016-06-01 11:09:00,1.11608,1.11614,1.11594,1.11612
2016-06-01 11:10:00,1.11611,1.11612,1.11601,1.11602
2016-06-01 11:11:00,1.11601,1.11607,1.11599,1.11607
2016-06-01 11:12:00,1.11607,1.11614,1.11599,1.116
2016-06-01 11:13:00,1.116,1.11601,1.11593,1.11594
2016-06-01 11:14:00,1.11594,1.11594,1.11566,1.11575
2016-06-01 11:15:00,1.11575,1.11583,1.11573,1.11582
2016-06-01 11:16:00,1.11582,1.1159,1.11579,1.1159
2016-06-01 11:17:00,1.1159,1.11605,1.1159,1.11603
2016-06-01 11:18:00,1.11603,1.1161,1.11594,1.11608
2016-06-01 11:19:00,1.1161,1.11624,1.11608,1.11612
2016-06-01 11:20:00,1.11612,1.11613,1.11608,1.1161
2016-06-01 11:21:00,1.11609,1.11623,1.11609,1.11623
2016-06-01 11:22:00,1.11624,1.11645,1.11624,1.11643
2016-06-01 11:23:00,1.11643,1.11676,1.11643,1.11673
2016-06-01 11:24:00,1.11672,1.11672,1.11657,1.11671
2016-06-01 11:25:00,1.11671,1.11675,1.11652,1.11665
2016-06-01 11:26:00,1.11666,1.11666,1.11652,1.11659
2016-06-01 11:27:00,1.1166,1.11668,1.11657,1.11668
2016-06-01 11:28:00,1.11668,1.11674,1.11661,1.11667
2016-06-01 11:29:00,1.11665,1.11667,1.1165,1.11658
2016-06-01 11:30:00,1.11656,1.11665,1.11651,1.11654
2016-06-01 11:31:00,1.11653,1.11656,1.11646,1.11656
2016-06-01 11:32:00,1.11655,1.11655,1.11635,1.11636
2016-06-01 11:33:00,1.11636,1.11639,1.11627,1.11635
2016-06-01 11:34:00,1.11635,1.11635,1.11626,1.11627
2016-06-01 11:35:00,1.11626,1.11632,1.11606,1.11609
2016-06-01 11:36:00,1.11611,1.11612,1.11595,1.11601
2016-06-01 11:37:00,1.116,1.11605,1.11588,1.11588
2016-06-01 11:38:00,1.11589,1.11604,1.11588,1.11599
2016-06-01 11:39:00,1.11599,1.11608,1.11592,1.11598
2016-06-01 11:40:00,1.116,1.11608,1.11598,1.11602
2016-06-01 11:41:00,1.11602,1.11612,1.11589,1.11612
2016-06-01 11:42:00,1.11611,1.11613,1.116,1.11604
2016-06-01 11:43:00,1.11604,1.11605,1.11594,1.11605
2016-06-01 11:44:00,1.11605,1.11611,1.11597,1.11604
2016-06-01 11:45:00,1.11603,1.11611,1.11599,1.11605
2016-06-01 11:46:00,1.11604,1.11608,1.11596,1.11599
2016-06-01 11:47:00,1.116,1.11601,1.11589,1.11592
2016-06-01 11:48:00,1.11592,1.11592,1.11583,1.11584
2016-06-01 11:49:00,1.11583,1.11596,1.11583,1.11588
2016-06-01 11:50:00,1.11589,1.11589,1.11579,1.11584
2016-06-01 11:51:00,1.11584,1.11588,1.11574,1.11574
2016-06-01 11:52:00,1.11574,1.11575,1.11567,1.11572
2016-06-01 11:53:00,1.11572,1.1158,1.11568,1.11573
2016-06-01 11:54:00,1.11572,1.11575,1.11569,1.11574
2016-06-01 11:55:00,1.11574,1.11581,1.11574,1.1158
2016-06-01 11:56:00,1.11579,1.11579,1.11574,1.11576
2016-06-01 11:57:00,1.11575,1.11579,1.11574,1.11574
2016-06-01 11:58:00,1.11574,1.1158,1.11574,1.11579
2016-06-01 11:59:00,1.11579,1.11585,1.11572,1.11579
2016-06-01 12:00:00,1.11577,1.11585,1.11573,1.11573
2016-06-01 12:01:00,1.11573,1.11573,1.11562,1.11571
2016-06-01 12:02:00,1.11571,1.11585,1.11571,1.11573
2016-06-01 12:03:00,1.11574,1.1159,1.11574,1.1159
2016-06-01 12:04:00,1.1159,1.11604,1.1159,1.116
2016-06-01 12:05:00,1.116,1.11632,1.116,1.1162
2016-06-01 12:06:00,1.1162,1.11633,1.11612,1.11616
2016-06-01 12:07:00,1.11617,1.11617,1.11596,1.11599
2016-06-01 12:08:00,1.11599,1.11605,1.11555,1.11558
2016-06-01 12:09:00,1.11558,1.11559,1.11548,1.1155
2016-06-01 12:10:00,1.1155,1.11561,1.1155,1.11552
2016-06-01 12:11:00,1.11552,1.11568,1.1155,1.11564
2016-06-01 12:12:00,1.11563,1.11575,1.1155,1.11572
2016-06-01 12:13:00,1.11573,1.11585,1.11568,1.11583
2016-06-01 12:14:00,1.11582,1.11605,1.11582,1.11592
2016-06-01 12:15:00,1.11593,1.11609,1.1159,1.11597
2016-06-01 12:16:00,1.11595,1.11601,1.1158,1.1158
2016-06-01 12:17:00,1.1158,1.11622,1.11579,1.11609
2016-06-01 12:18:00,1.1161,1.11649,1.1161,1.1164
2016-06-01 12:19:00,1.1164,1.11644,1.11623,1.11623
2016-06-01 12:20:00,1.1162,1.11625,1.116,1.116
2016-06-01 12:21:00,1.11601,1.11615,1.116,1.11608
2016-06-01 12:22:00,1.11608,1.11619,1.11596,1.11616
2016-06-01 12:23:00,1.11616,1.11627,1.11615,1.11625
2016-06-01 12:24:00,1.11623,1.11624,1.11614,1.11619
2016-06-01 12:25:00,1.11619,1.11636,1.11619,1.11635
2016-06-01 12:26:00,1.11635,1.11645,1.11629,1.11643
2016-06-01 12:27:00,1.11643,1.11647,1.11626,1.11628
2016-06-01 12:28:00,1.11628,1.1165,1.11628,1.11644
2016-06-01 12:29:00,1.11644,1.11644,1.11634,1.11638
2016-06-01 12:30:00,1.11637,1.11639,1.11614,1.11624
2016-06-01 12:31:00,1.11626,1.11628,1.1162,1.11628
2016-06-01 12:32:00,1.11629,1.1164,1.11629,1.11632
2016-06-01 12:33:00,1.11632,1.11663,1.11631,1.11659
2016-06-01 12:34:00,1.11659,1.11667,1.1163,1.11633
2016-06-01 12:35:00,1.11632,1.11641,1.11614,1.11614
2016-06-01 12:36:00,1.11615,1.11631,1.11615,1.11624
2016-06-01 12:37:00,1.11624,1.11639,1.11619,1.11633
2016-06-01 12:38:00,1.11634,1.11636,1.11619,1.11629
2016-06-01 12:39:00,1.1163,1.11636,1.11628,1.11635
2016-06-01 12:40:00,1.11635,1.11646,1.11627,1.11643
2016-06-01 12:41:00,1.11644,1.11645,1.11633,1.11635
2016-06-01 12:42:00,1.11638,1.11643,1.11632,1.11634
2016-06-01 12:43:00,1.11634,1.11644,1.11634,1.11642
2016-06-01 12:44:00,1.11642,1.11665,1.11641,1.11665
2016-06-01 12:45:00,1.11664,1.11678,1.11664,1.11677
2016-06-01 12:46:00,1.11678,1.1168,1.11667,1.11669
2016-06-01 12:47:00,1.1167,1.11685,1.11664,1.11684
2016-06-01 12:48:00,1.11684,1.11701,1.11684,1.11697
2016-06-01 12:49:00,1.11697,1.11699,1.11691,1.11694
2016-06-01 12:50:00,1.11695,1.11768,1.11694,1.1176
2016-06-01 12:51:00,1.11758,1.11765,1.11744,1.11754
2016-06-01 12:52:00,1.11755,1.118,1.11755,1.11777
2016-06-01 12:53:00,1.11777,1.11784,1.11754,1.11764
2016-06-01 12:54:00,1.11764,1.11779,1.1176,1.11775
2016-06-01 12:55:00,1.11774,1.11781,1.11753,1.11773
2016-06-01 12:56:00,1.11774,1.11776,1.11747,1.11747
2016-06-01 12:57:00,1.11747,1.1176,1.11745,1.11752
2016-06-01 12:58:00,1.11751,1.11757,1.11743,1.11745
2016-06-01 12:59:00,1.11745,1.11773,1.11744,1.11744
2016-06-01 13:00:00,1.11746,1.11758,1.11734,1.11736
2016-06-01 13:01:00,1.11736,1.11859,1.1173,1.11833
2016-06-01 13:02:00,1.11839,1.11851,1.1181,1.11813
2016-06-01 13:03:00,1.11812,1.11818,1.11787,1.11803
2016-06-01 13:04:00,1.11804,1.11817,1.11777,1.11804
2016-06-01 13:05:00,1.11804,1.11821,1.11801,1.11818
2016-06-01 13:06:00,1.11818,1.1185,1.11815,1.11824
2016-06-01 13:07:00,1.11824,1.11824,1.11791,1.11796
2016-06-01 13:08:00,1.11794,1.11798,1.11771,1.11771
2016-06-01 13:09:00,1.1177,1.11778,1.11757,1.11761
2016-06-01 13:10:00,1.11761,1.11774,1.11743,1.11759
2016-06-01 13:11:00,1.1176,1.1176,1.11742,1.11744
2016-06-01 13:12:00,1.11744,1.11755,1.11732,1.1174
2016-06-01 13:13:00,1.11741,1.11749,1.11724,1.11733
2016-06-01 13:14:00,1.11734,1.11755,1.11728,1.11736
2016-06-01 13:15:00,1.11736,1.11763,1.11736,1.11758
2016-06-01 13:16:00,1.11759,1.11759,1.11736,1.11747
2016-06-01 13:17:00,1.11746,1.11769,1.11743,1.11757
2016-06-01 13:18:00,1.11756,1.11782,1.11739,1.11781
2016-06-01 13:19:00,1.11782,1.11796,1.1178,1.11789
2016-06-01 13:20:00,1.11788,1.1179,1.11767,1.11781
2016-06-01 13:21:00,1.11781,1.11808,1.11781,1.11808
2016-06-01 13:22:00,1.11809,1.11834,1.11809,1.1182
2016-06-01 13:23:00,1.11819,1.11831,1.1181,1.11828
2016-06-01 13:24:00,1.11827,1.11827,1.11801,1.1181
2016-06-01 13:25:00,1.11811,1.11812,1.11786,1.11805
2016-06-01 13:26:00,1.11806,1.11807,1.11795,1.11797
2016-06-01 13:27:00,1.11797,1.11799,1.11777,1.11787
2016-06-01 13:28:00,1.11788,1.11791,1.11778,1.11784
2016-06-01 13:29:00,1.11783,1.11783,1.11755,1.11764
2016-06-01 13:30:00,1.11765,1.11765,1.11731,1.11736
2016-06-01 13:31:00,1.11735,1.11752,1.11733,1.11744
2016-06-01 13:32:00,1.11746,1.11768,1.11746,1.11765
2016-06-01 13:33:00,1.11765,1.11773,1.11753,1.11771
2016-06-01 13:34:00,1.1177,1.11776,1.11762,1.1177
2016-06-01 13:35:00,1.1177,1.1177,1.11751,1.11758
2016-06-01 13:36:00,1.11758,1.11768,1.11758,1.11764
2016-06-01 13:37:00,1.11763,1.1178,1.11758,1.11774
2016-06-01 13:38:00,1.11772,1.11799,1.11766,1.11791
2016-06-01 13:39:00,1.11791,1.11796,1.11787,1.11787
2016-06-01 13:40:00,1.11787,1.11812,1.11783,1.1181
2016-06-01 13:41:00,1.1181,1.11811,1.11787,1.1179
2016-06-01 13:42:00,1.11789,1.11809,1.11788,1.11795
2016-06-01 13:43:00,1.11794,1.11822,1.11793,1.11816
2016-06-01 13:44:00,1.11816,1.1182,1.1181,1.11816
2016-06-01 13:45:00,1.11815,1.11834,1.11815,1.11833
2016-06-01 13:46:00,1.11832,1.11834,1.11813,1.11825
2016-06-01 13:47:00,1.11825,1.11837,1.11797,1.11799
2016-06-01 13:48:00,1.118,1.11802,1.11776,1.11777
2016-06-01 13:49:00,1.11777,1.11783,1.11747,1.11754
2016-06-01 13:50:00,1.11754,1.11758,1.11737,1.11737
2016-06-01 13:51:00,1.11737,1.11751,1.11733,1.1175
2016-06-01 13:52:00,1.1175,1.11766,1.11739,1.11758
2016-06-01 13:53:00,1.11757,1.11764,1.11752,1.11755
2016-06-01 13:54:00,1.11756,1.11788,1.11736,1.11782
2016-06-01 13:55:00,1.11782,1.11784,1.11767,1.11772
2016-06-01 13:56:00,1.11773,1.1179,1.1177,1.11785
2016-06-01 13:57:00,1.11784,1.11796,1.11781,1.11789
2016-06-01 13:58:00,1.11789,1.11793,1.11778,1.11782
2016-06-01 13:59:00,1.11781,1.11784,1.11778,1.1178
2016-06-01 14:00:00,1.1178,1.11799,1.11771,1.11771
2016-06-01 14:01:00,1.11771,1.11786,1.11765,1.11765
2016-06-01 14:02:00,1.11764,1.11775,1.11753,1.11766
2016-06-01 14:03:00,1.11766,1.11769,1.11752,1.11769
2016-06-01 14:04:00,1.11769,1.11789,1.11768,1.11782
2016-06-01 14:05:00,1.11783,1.11814,1.11782,1.11812
2016-06-01 14:06:00,1.11809,1.11809,1.1179,1.11792
2016-06-01 14:07:00,1.11793,1.11803,1.1179,1.11802
2016-06-01 14:08:00,1.118,1.11804,1.11788,1.11794
2016-06-01 14:09:00,1.11793,1.11794,1.11763,1.11763
2016-06-01 14:10:00,1.11762,1.11768,1.11747,1.11768
2016-06-01 14:11:00,1.11768,1.11784,1.11768,1.11781
2016-06-01 14:12:00,1.1178,1.1178,1.11749,1.11751
2016-06-01 14:13:00,1.1175,1.11753,1.11739,1.1174
2016-06-01 14:14:00,1.1174,1.11744,1.11729,1.11735
2016-06-01 14:15:00,1.11735,1.11739,1.11724,1.11724
2016-06-01 14:16:00,1.11725,1.11735,1.11723,1.11724
2016-06-01 14:17:00,1.11723,1.11723,1.11691,1.11691
2016-06-01 14:18:00,1.11691,1.11703,1.11684,1.11688
2016-06-01 14:19:00,1.11688,1.11688,1.11661,1.11665
2016-06-01 14:20:00,1.11663,1.11674,1.11663,1.11673
2016-06-01 14:21:00,1.11673,1.11677,1.11667,1.11669
2016-06-01 14:22:00,1.11671,1.11671,1.11661,1.11663
2016-06-01 14:23:00,1.11663,1.11667,1.11658,1.11667
2016-06-01 14:24:00,1.11667,1.11673,1.11666,1.11667
2016-06-01 14:25:00,1.11668,1.11679,1.11667,1.11676
2016-06-01 14:26:00,1.11676,1.11696,1.11676,1.11681
2016-06-01 14:27:00,1.11679,1.11679,1.11654,1.11661
2016-06-01 14:28:00,1.11662,1.11662,1.11649,1.11653
2016-06-01 14:29:00,1.11651,1.1168,1.11649,1.11679
2016-06-01 14:30:00,1.11679,1.11695,1.1167,1.11695
2016-06-01 14:31:00,1.11696,1.11697,1.11682,1.11683
2016-06-01 14:32:00,1.11681,1.11694,1.11673,1.11678
2016-06-01 14:33:00,1.11678,1.11692,1.11678,1.1169
2016-06-01 14:34:00,1.1169,1.11697,1.11689,1.11695
2016-06-01 14:35:00,1.11695,1.11696,1.11687,1.11695
2016-06-01 14:36:00,1.11695,1.11698,1.1167,1.11674
2016-06-01 14:37:00,1.11672,1.11694,1.1167,1.11679
2016-06-01 14:38:00,1.1168,1.11684,1.11666,1.11669
2016-06-01 14:39:00,1.11669,1.11701,1.11669,1.11701
2016-06-01 14:40:00,1.117,1.11704,1.11665,1.11665
2016-06-01 14:41:00,1.11666,1.11675,1.11654,1.11662
2016-06-01 14:42:00,1.11661,1.11692,1.11661,1.1168
2016-06-01 14:43:00,1.1168,1.11686,1.11674,1.11686
2016-06-01 14:44:00,1.11686,1.11691,1.11681,1.11687
2016-06-01 14:45:00,1.11685,1.11691,1.11671,1.11675
2016-06-01 14:46:00,1.11674,1.11674,1.11658,1.1167
2016-06-01 14:47:00,1.11669,1.11699,1.11664,1.11699
2016-06-01 14:48:00,1.117,1.11706,1.11699,1.11702
2016-06-01 14:49:00,1.11703,1.11731,1.11703,1.11731
2016-06-01 14:50:00,1.11731,1.11747,1.11725,1.11745
2016-06-01 14:51:00,1.11745,1.11758,1.11743,1.11754
2016-06-01 14:52:00,1.11753,1.1177,1.11752,1.11769
2016-06-01 14:53:00,1.11768,1.1177,1.11759,1.11765
2016-06-01 14:54:00,1.11765,1.1177,1.11749,1.11749
2016-06-01 14:55:00,1.11749,1.11752,1.11744,1.11748
2016-06-01 14:56:00,1.11748,1.11748,1.11739,1.11742
2016-06-01 14:57:00,1.11742,1.11742,1.11723,1.11727
2016-06-01 14:58:00,1.11728,1.11733,1.11724,1.11729
2016-06-01 14:59:00,1.11729,1.11787,1.11728,1.11786
2016-06-01 15:00:00,1.11784,1.11784,1.11505,1.116
2016-06-01 15:01:00,1.116,1.11613,1.11546,1.11555
2016-06-01 15:02:00,1.11555,1.11604,1.11535,1.11539
2016-06-01 15:03:00,1.11538,1.11569,1.11515,1.11569
2016-06-01 15:04:00,1.1157,1.11584,1.11568,1.11582
2016-06-01 15:05:00,1.11581,1.11585,1.11578,1.11584
2016-06-01 15:06:00,1.11588,1.1159,1.11579,1.11582
2016-06-01 15:07:00,1.11581,1.11581,1.11539,1.1154
2016-06-01 15:08:00,1.11539,1.11539,1.11492,1.11495
2016-06-01 15:09:00,1.11493,1.11521,1.11492,1.11508
2016-06-01 15:10:00,1.11507,1.1154,1.11507,1.11534
2016-06-01 15:11:00,1.11532,1.11543,1.11503,1.11521
2016-06-01 15:12:00,1.11519,1.11586,1.11519,1.11584
2016-06-01 15:13:00,1.11587,1.11615,1.11581,1.11601
2016-06-01 15:14:00,1.11601,1.11603,1.11573,1.11582
2016-06-01 15:15:00,1.11582,1.116,1.11582,1.11595
2016-06-01 15:16:00,1.11597,1.11597,1.11555,1.11572
2016-06-01 15:17:00,1.11571,1.11622,1.1157,1.11622
2016-06-01 15:18:00,1.11622,1.11668,1.1162,1.11666
2016-06-01 15:19:00,1.11667,1.11677,1.11657,1.11667
2016-06-01 15:20:00,1.11667,1.11746,1.11663,1.11739
2016-06-01 15:21:00,1.1174,1.11764,1.1173,1.11759
2016-06-01 15:22:00,1.11759,1.11786,1.1175,1.11756
2016-06-01 15:23:00,1.11759,1.11761,1.11724,1.11735
2016-06-01 15:24:00,1.11735,1.11749,1.11724,1.11731
2016-06-01 15:25:00,1.1173,1.11738,1.11717,1.11722
2016-06-01 15:26:00,1.11722,1.11755,1.11704,1.11755
2016-06-01 15:27:00,1.11755,1.11784,1.11739,1.11761
2016-06-01 15:28:00,1.11762,1.11762,1.11751,1.11752
2016-06-01 15:29:00,1.11753,1.11785,1.11742,1.11779
2016-06-01 15:30:00,1.11782,1.11782,1.11765,1.11772
2016-06-01 15:31:00,1.11766,1.11769,1.11754,1.11759
2016-06-01 15:32:00,1.11759,1.11768,1.11741,1.11753
2016-06-01 15:33:00,1.11752,1.11761,1.11738,1.1175
2016-06-01 15:34:00,1.1175,1.1175,1.11701,1.1171
2016-06-01 15:35:00,1.11711,1.11732,1.11698,1.11698
2016-06-01 15:36:00,1.11699,1.11703,1.11672,1.11694
2016-06-01 15:37:00,1.11694,1.11703,1.11688,1.11692
2016-06-01 15:38:00,1.11692,1.11694,1.1165,1.11656
2016-06-01 15:39:00,1.11654,1.11654,1.11633,1.11651
2016-06-01 15:40:00,1.1165,1.11659,1.11632,1.11639
2016-06-01 15:41:00,1.11638,1.11664,1.11635,1.11655
2016-06-01 15:42:00,1.11656,1.11685,1.11648,1.11685
2016-06-01 15:43:00,1.11685,1.11727,1.11674,1.11694
2016-06-01 15:44:00,1.11693,1.11722,1.11687,1.11707
2016-06-01 15:45:00,1.11705,1.11709,1.11665,1.11673
2016-06-01 15:46:00,1.11673,1.11673,1.11652,1.1167
2016-06-01 15:47:00,1.11671,1.11697,1.11666,1.11692
2016-06-01 15:48:00,1.11692,1.11706,1.11681,1.11703
2016-06-01 15:49:00,1.11704,1.11705,1.11669,1.1167
2016-06-01 15:50:00,1.11671,1.11688,1.11662,1.11674
2016-06-01 15:51:00,1.11673,1.11674,1.11659,1.1167
2016-06-01 15:52:00,1.11669,1.11673,1.11648,1.11654
2016-06-01 15:53:00,1.11654,1.11655,1.11635,1.11639
2016-06-01 15:54:00,1.1164,1.11655,1.11631,1.11635
2016-06-01 15:55:00,1.11635,1.11644,1.11596,1.11609
2016-06-01 15:56:00,1.11609,1.11635,1.11601,1.11634
2016-06-01 15:57:00,1.11635,1.11673,1.1163,1.11673
2016-06-01 15:58:00,1.11673,1.11697,1.11659,1.11694
2016-06-01 15:59:00,1.11693,1.11762,1.1169,1.11756
2016-06-01 16:00:00,1.11754,1.11757,1.11712,1.11735
2016-06-01 16:01:00,1.11737,1.1175,1.11719,1.11748
2016-06-01 16:02:00,1.1175,1.1176,1.11731,1.11741
2016-06-01 16:03:00,1.11741,1.11756,1.11734,1.11754
2016-06-01 16:04:00,1.11755,1.11804,1.11755,1.11803
2016-06-01 16:05:00,1.11801,1.11807,1.11784,1.11793
2016-06-01 16:06:00,1.11792,1.11792,1.11751,1.11753
2016-06-01 16:07:00,1.11754,1.11787,1.11751,1.11773
2016-06-01 16:08:00,1.11773,1.11779,1.11765,1.11779
2016-06-01 16:09:00,1.11778,1.11787,1.11759,1.11767
2016-06-01 16:10:00,1.11767,1.11774,1.11759,1.11761
2016-06-01 16:11:00,1.11759,1.11783,1.11757,1.11767
2016-06-01 16:12:00,1.11769,1.11784,1.11763,1.11775
2016-06-01 16:13:00,1.11776,1.1178,1.11748,1.11755
2016-06-01 16:14:00,1.11756,1.11769,1.11742,1.11753
2016-06-01 16:15:00,1.11753,1.11755,1.11733,1.11751
2016-06-01 16:16:00,1.11751,1.11761,1.11748,1.11753
2016-06-01 16:17:00,1.11752,1.11754,1.1173,1.11738
2016-06-01 16:18:00,1.11737,1.11741,1.11725,1.11734
2016-06-01 16:19:00,1.11734,1.11747,1.1173,1.11734
2016-06-01 16:20:00,1.11734,1.1174,1.11713,1.11717
2016-06-01 16:21:00,1.11718,1.11726,1.11713,1.11721
2016-06-01 16:22:00,1.11722,1.11735,1.11715,1.11735
2016-06-01 16:23:00,1.11735,1.11748,1.11735,1.11742
2016-06-01 16:24:00,1.11739,1.11745,1.11731,1.11732
2016-06-01 16:25:00,1.11732,1.11744,1.11732,1.11736
2016-06-01 16:26:00,1.11736,1.11736,1.11709,1.11719
2016-06-01 16:27:00,1.1172,1.11734,1.11714,1.11714
2016-06-01 16:28:00,1.11714,1.11714,1.1171,1.11714
2016-06-01 16:29:00,1.11712,1.1174,1.11705,1.1174
2016-06-01 16:30:00,1.11743,1.1177,1.11743,1.11759
2016-06-01 16:31:00,1.11759,1.1176,1.11741,1.11741
2016-06-01 16:32:00,1.11741,1.11754,1.11737,1.11754
2016-06-01 16:33:00,1.11754,1.11771,1.11754,1.11756
2016-06-01 16:34:00,1.11755,1.11757,1.11729,1.11732
2016-06-01 16:35:00,1.11734,1.11739,1.11716,1.11716
2016-06-01 16:36:00,1.11716,1.11729,1.1171,1.11713
2016-06-01 16:37:00,1.11712,1.11716,1.11704,1.11715
2016-06-01 16:38:00,1.11715,1.11725,1.11714,1.11719
2016-06-01 16:39:00,1.1172,1.11729,1.11715,1.11721
2016-06-01 16:40:00,1.11719,1.11724,1.11703,1.11703
2016-06-01 16:41:00,1.11703,1.11705,1.11685,1.11687
2016-06-01 16:42:00,1.11687,1.11688,1.11674,1.11675
2016-06-01 16:43:00,1.11674,1.11696,1.11673,1.11687
2016-06-01 16:44:00,1.11688,1.11688,1.11678,1.1168
2016-06-01 16:45:00,1.11681,1.1169,1.11673,1.11689
2016-06-01 16:46:00,1.11688,1.1171,1.11681,1.11693
2016-06-01 16:47:00,1.11694,1.11696,1.11683,1.1169
2016-06-01 16:48:00,1.11689,1.11697,1.11689,1.11692
2016-06-01 16:49:00,1.1169,1.11691,1.11663,1.11677
2016-06-01 16:50:00,1.11678,1.11682,1.11667,1.11674
2016-06-01 16:51:00,1.11675,1.11685,1.11662,1.11662
2016-06-01 16:52:00,1.11662,1.11663,1.11646,1.1166
2016-06-01 16:53:00,1.11663,1.11675,1.11659,1.11666
2016-06-01 16:54:00,1.11666,1.11675,1.11659,1.11663
2016-06-01 16:55:00,1.11662,1.11673,1.11661,1.11663
2016-06-01 16:56:00,1.11662,1.11687,1.11662,1.11682
2016-06-01 16:57:00,1.11682,1.11709,1.11682,1.11688
2016-06-01 16:58:00,1.11688,1.11688,1.11632,1.11635
2016-06-01 16:59:00,1.11633,1.11642,1.11612,1.11636
2016-06-01 17:00:00,1.11638,1.11657,1.11625,1.1164
2016-06-01 17:01:00,1.1164,1.11645,1.11598,1.11598
2016-06-01 17:02:00,1.11598,1.1161,1.11596,1.11602
2016-06-01 17:03:00,1.11601,1.11614,1.11588,1.11594
2016-06-01 17:04:00,1.11594,1.11595,1.11554,1.11558
2016-06-01 17:05:00,1.11558,1.1159,1.11553,1.11588
2016-06-01 17:06:00,1.11587,1.11591,1.11546,1.11549
2016-06-01 17:07:00,1.11552,1.11556,1.11529,1.11545
2016-06-01 17:08:00,1.11546,1.11546,1.11506,1.11506
2016-06-01 17:09:00,1.11505,1.11535,1.11505,1.11535
2016-06-01 17:10:00,1.11535,1.11537,1.11519,1.11528
2016-06-01 17:11:00,1.11529,1.11537,1.11527,1.11527
2016-06-01 17:12:00,1.11526,1.11536,1.11515,1.11517
2016-06-01 17:13:00,1.11516,1.11537,1.11514,1.11537
2016-06-01 17:14:00,1.11535,1.11539,1.11525,1.11539
2016-06-01 17:15:00,1.1154,1.11585,1.11538,1.11585
2016-06-01 17:16:00,1.11584,1.11635,1.11575,1.11628
2016-06-01 17:17:00,1.11627,1.11643,1.11625,1.11629
2016-06-01 17:18:00,1.11629,1.11656,1.11622,1.11656
2016-06-01 17:19:00,1.11656,1.1167,1.11654,1.11668
2016-06-01 17:20:00,1.11668,1.11668,1.11651,1.11651
2016-06-01 17:21:00,1.11651,1.11673,1.11651,1.11669
2016-06-01 17:22:00,1.1167,1.1167,1.11661,1.11665
2016-06-01 17:23:00,1.11664,1.11689,1.11664,1.11672
2016-06-01 17:24:00,1.11672,1.11674,1.11662,1.11663
2016-06-01 17:25:00,1.11666,1.11677,1.11666,1.11677
2016-06-01 17:26:00,1.11677,1.11677,1.11662,1.11672
2016-06-01 17:27:00,1.11671,1.11685,1.11671,1.11682
2016-06-01 17:28:00,1.11681,1.11682,1.1167,1.11672
2016-06-01 17:29:00,1.11672,1.1168,1.11663,1.11678
2016-06-01 17:30:00,1.11677,1.11682,1.11672,1.11673
2016-06-01 17:31:00,1.11674,1.11688,1.11672,1.11687
2016-06-01 17:32:00,1.11688,1.11698,1.11688,1.11697
2016-06-01 17:33:00,1.11697,1.11708,1.11696,1.11696
2016-06-01 17:34:00,1.11696,1.11702,1.1169,1.117
2016-06-01 17:35:00,1.117,1.11701,1.1169,1.1169
2016-06-01 17:36:00,1.1169,1.11707,1.11689,1.11703
2016-06-01 17:37:00,1.11703,1.11712,1.11702,1.11702
2016-06-01 17:38:00,1.11703,1.11727,1.11701,1.11723
2016-06-01 17:39:00,1.11723,1.1173,1.11714,1.11722
2016-06-01 17:40:00,1.11721,1.11722,1.1171,1.1171
2016-06-01 17:41:00,1.11707,1.11712,1.11704,1.11709
2016-06-01 17:42:00,1.11709,1.11717,1.11704,1.11714
2016-06-01 17:43:00,1.11713,1.11728,1.11712,1.11725
2016-06-01 17:44:00,1.11723,1.11727,1.11714,1.11714
2016-06-01 17:45:00,1.11715,1.11718,1.11709,1.11717
2016-06-01 17:46:00,1.11716,1.11722,1.11703,1.11709
2016-06-01 17:47:00,1.11708,1.1171,1.117,1.1171
2016-06-01 17:48:00,1.11708,1.1171,1.11699,1.11707
2016-06-01 17:49:00,1.11708,1.1172,1.11704,1.1172
2016-06-01 17:50:00,1.1172,1.1172,1.11697,1.11697
2016-06-01 17:51:00,1.11696,1.11696,1.11691,1.11691
2016-06-01 17:52:00,1.11691,1.11703,1.11683,1.11694
2016-06-01 17:53:00,1.11694,1.11701,1.11693,1.117
2016-06-01 17:54:00,1.11701,1.11741,1.11699,1.11741
2016-06-01 17:55:00,1.1174,1.11741,1.11723,1.11739
2016-06-01 17:56:00,1.11738,1.11738,1.11713,1.11729
2016-06-01 17:57:00,1.11728,1.11734,1.1171,1.11713
2016-06-01 17:58:00,1.11712,1.11733,1.11711,1.11726
2016-06-01 17:59:00,1.11727,1.11738,1.11726,1.11738
2016-06-01 18:00:00,1.11738,1.11739,1.11735,1.11737
2016-06-01 18:01:00,1.11736,1.11737,1.11729,1.11735
2016-06-01 18:02:00,1.11735,1.11739,1.11729,1.11729
2016-06-01 18:03:00,1.11729,1.11739,1.11728,1.11733
2016-06-01 18:04:00,1.11733,1.11734,1.11732,1.11732
2016-06-01 18:05:00,1.11732,1.11742,1.11732,1.11732
2016-06-01 18:06:00,1.11733,1.11794,1.11733,1.11793
2016-06-01 18:07:00,1.11791,1.11824,1.11781,1.11823
2016-06-01 18:08:00,1.11823,1.11841,1.11822,1.11834
2016-06-01 18:09:00,1.11834,1.11843,1.11814,1.11843
2016-06-01 18:10:00,1.11848,1.11888,1.11812,1.11812
2016-06-01 18:11:00,1.11813,1.11821,1.11806,1.11812
2016-06-01 18:12:00,1.11812,1.11817,1.11793,1.11809
2016-06-01 18:13:00,1.11808,1.11813,1.1179,1.11797
2016-06-01 18:14:00,1.11796,1.11872,1.11796,1.11862
2016-06-01 18:15:00,1.1186,1.11862,1.11812,1.11813
2016-06-01 18:16:00,1.11812,1.11817,1.11799,1.11814
2016-06-01 18:17:00,1.11812,1.11815,1.11792,1.11798
2016-06-01 18:18:00,1.11798,1.11821,1.11796,1.11812
2016-06-01 18:19:00,1.11813,1.11829,1.11807,1.11816
2016-06-01 18:20:00,1.11816,1.11817,1.11813,1.11815
2016-06-01 18:21:00,1.11814,1.11816,1.118,1.11801
2016-06-01 18:22:00,1.11801,1.11809,1.11788,1.11788
2016-06-01 18:23:00,1.11788,1.11789,1.11759,1.11761
2016-06-01 18:24:00,1.11761,1.1178,1.11759,1.11764
2016-06-01 18:25:00,1.11764,1.11768,1.11763,1.11765
2016-06-01 18:26:00,1.11766,1.11778,1.11759,1.11765
2016-06-01 18:27:00,1.11765,1.11779,1.11765,1.11774
2016-06-01 18:28:00,1.11772,1.11772,1.11761,1.11767
2016-06-01 18:29:00,1.11766,1.11778,1.11761,1.11761
2016-06-01 18:30:00,1.1176,1.11776,1.11758,1.11776
2016-06-01 18:31:00,1.11774,1.11788,1.1177,1.11776
2016-06-01 18:32:00,1.11776,1.11782,1.11776,1.1178
2016-06-01 18:33:00,1.11781,1.11787,1.11777,1.11779
2016-06-01 18:34:00,1.11778,1.11784,1.11768,1.11773
2016-06-01 18:35:00,1.11772,1.11784,1.1177,1.11777
2016-06-01 18:36:00,1.11778,1.11779,1.1177,1.11777
2016-06-01 18:37:00,1.11777,1.11778,1.11766,1.11777
2016-06-01 18:38:00,1.11777,1.11784,1.11775,1.11784
2016-06-01 18:39:00,1.11784,1.11795,1.11783,1.11784
2016-06-01 18:40:00,1.11783,1.11785,1.11767,1.1177
2016-06-01 18:41:00,1.1177,1.11777,1.11752,1.11758
2016-06-01 18:42:00,1.11758,1.11764,1.11752,1.11757
2016-06-01 18:43:00,1.11756,1.11772,1.11753,1.11768
2016-06-01 18:44:00,1.11769,1.11776,1.11768,1.11769
2016-06-01 18:45:00,1.1177,1.11779,1.1177,1.11771
2016-06-01 18:46:00,1.11769,1.1179,1.11769,1.1179
2016-06-01 18:47:00,1.11789,1.11792,1.11781,1.11787
2016-06-01 18:48:00,1.11786,1.11801,1.11786,1.11801
2016-06-01 18:49:00,1.118,1.11801,1.11798,1.11799
2016-06-01 18:50:00,1.11798,1.11814,1.11798,1.11812
2016-06-01 18:51:00,1.11813,1.1182,1.11809,1.11812
2016-06-01 18:52:00,1.11812,1.11817,1.11801,1.11807
2016-06-01 18:53:00,1.11805,1.11807,1.1179,1.1179
2016-06-01 18:54:00,1.11789,1.11789,1.11781,1.11782
2016-06-01 18:55:00,1.11781,1.11783,1.11769,1.11778
2016-06-01 18:56:00,1.11775,1.1179,1.11774,1.11789
2016-06-01 18:57:00,1.1179,1.11809,1.1179,1.11803
2016-06-01 18:58:00,1.11803,1.11815,1.11803,1.11815
2016-06-01 18:59:00,1.11815,1.11819,1.11803,1.11817
2016-06-01 19:00:00,1.11815,1.11817,1.11785,1.11791
2016-06-01 19:01:00,1.11791,1.11793,1.11785,1.11786
2016-06-01 19:02:00,1.11787,1.11798,1.11781,1.11787
2016-06-01 19:03:00,1.11784,1.11786,1.11775,1.11782
2016-06-01 19:04:00,1.11782,1.11785,1.11779,1.11783
2016-06-01 19:05:00,1.11783,1.1179,1.11782,1.11789
2016-06-01 19:06:00,1.11789,1.11794,1.11789,1.11789
2016-06-01 19:07:00,1.11789,1.11795,1.11788,1.11795
2016-06-01 19:08:00,1.11795,1.11802,1.11795,1.11802
2016-06-01 19:09:00,1.11804,1.11806,1.11801,1.11806
2016-06-01 19:10:00,1.11806,1.11806,1.11801,1.11801
2016-06-01 19:11:00,1.11802,1.11816,1.11796,1.11816
2016-06-01 19:12:00,1.11816,1.11837,1.11811,1.11827
2016-06-01 19:13:00,1.11827,1.11833,1.11826,1.11829
2016-06-01 19:14:00,1.1183,1.11841,1.11828,1.11838
2016-06-01 19:15:00,1.11836,1.11836,1.11828,1.11829
2016-06-01 19:16:00,1.1183,1.11841,1.1183,1.11839
2016-06-01 19:17:00,1.1184,1.11848,1.11829,1.1183
2016-06-01 19:18:00,1.11831,1.11845,1.1183,1.11845
2016-06-01 19:19:00,1.11846,1.11846,1.11838,1.11845
2016-06-01 19:20:00,1.11845,1.1185,1.11842,1.11845
2016-06-01 19:21:00,1.11845,1.11854,1.11843,1.1185
2016-06-01 19:22:00,1.1185,1.11855,1.11841,1.11841
2016-06-01 19:23:00,1.11842,1.11845,1.11834,1.11834
2016-06-01 19:24:00,1.11834,1.11839,1.11824,1.11839
2016-06-01 19:25:00,1.11839,1.1184,1.11826,1.11836
2016-06-01 19:26:00,1.11836,1.11836,1.11833,1.11835
2016-06-01 19:27:00,1.11836,1.1184,1.1183,1.11839
2016-06-01 19:28:00,1.11839,1.11845,1.11834,1.11842
2016-06-01 19:29:00,1.11843,1.11849,1.11837,1.11837
2016-06-01 19:30:00,1.11838,1.11841,1.11832,1.11833
2016-06-01 19:31:00,1.11834,1.11844,1.11833,1.11844
2016-06-01 19:32:00,1.11844,1.11858,1.11842,1.11854
2016-06-01 19:33:00,1.11855,1.11862,1.11853,1.11854
2016-06-01 19:34:00,1.11855,1.11856,1.11854,1.11854
2016-06-01 19:35:00,1.11854,1.11855,1.11841,1.11842
2016-06-01 19:36:00,1.11841,1.11854,1.11841,1.1185
2016-06-01 19:37:00,1.1185,1.11852,1.11841,1.11841
2016-06-01 19:38:00,1.11841,1.11844,1.11835,1.11836
2016-06-01 19:39:00,1.11835,1.11835,1.11821,1.1183
2016-06-01 19:40:00,1.11829,1.11832,1.11824,1.11831
2016-06-01 19:41:00,1.11832,1.11833,1.11825,1.11827
2016-06-01 19:42:00,1.11827,1.11827,1.11809,1.11809
2016-06-01 19:43:00,1.11811,1.11811,1.11804,1.11804
2016-06-01 19:44:00,1.11805,1.11826,1.11805,1.11823
2016-06-01 19:45:00,1.11822,1.11822,1.1181,1.11816
2016-06-01 19:46:00,1.11817,1.11837,1.11817,1.11831
2016-06-01 19:47:00,1.11831,1.11837,1.11826,1.11827
2016-06-01 19:48:00,1.11827,1.11832,1.11827,1.11832
2016-06-01 19:49:00,1.11832,1.11832,1.11817,1.11817
2016-06-01 19:50:00,1.11817,1.1183,1.11815,1.11822
2016-06-01 19:51:00,1.11823,1.11823,1.11816,1.11819
2016-06-01 19:52:00,1.11819,1.11849,1.11818,1.11846
2016-06-01 19:53:00,1.11846,1.11846,1.11831,1.11832
2016-06-01 19:54:00,1.11831,1.11836,1.11821,1.11835
2016-06-01 19:55:00,1.11836,1.11836,1.1182,1.11821
2016-06-01 19:56:00,1.11821,1.11831,1.11821,1.11827
2016-06-01 19:57:00,1.11827,1.11845,1.11824,1.11826
2016-06-01 19:58:00,1.11827,1.11836,1.11824,1.11827
2016-06-01 19:59:00,1.11826,1.11837,1.11814,1.11836
2016-06-01 20:00:00,1.11837,1.11847,1.1183,1.11844
2016-06-01 20:01:00,1.11843,1.11847,1.1184,1.11844
2016-06-01 20:02:00,1.11842,1.11846,1.11839,1.11845
2016-06-01 20:03:00,1.11846,1.11862,1.11839,1.11862
2016-06-01 20:04:00,1.11862,1.11884,1.11862,1.11867
2016-06-01 20:05:00,1.11867,1.11877,1.11865,1.11867
2016-06-01 20:06:00,1.11869,1.11873,1.11865,1.11873
2016-06-01 20:07:00,1.11871,1.11871,1.11866,1.11866
2016-06-01 20:08:00,1.11865,1.11885,1.11863,1.11881
2016-06-01 20:09:00,1.11882,1.11894,1.11871,1.11889
2016-06-01 20:10:00,1.11889,1.11892,1.11876,1.11882
2016-06-01 20:11:00,1.11882,1.11888,1.11876,1.11882
2016-06-01 20:12:00,1.11883,1.11883,1.11877,1.11879
2016-06-01 20:13:00,1.1188,1.1188,1.11875,1.11877
2016-06-01 20:14:00,1.11878,1.11879,1.11874,1.11877
2016-06-01 20:15:00,1.11875,1.11877,1.11863,1.11863
2016-06-01 20:16:00,1.11862,1.11862,1.11853,1.1186
2016-06-01 20:17:00,1.11861,1.1187,1.11859,1.11865
2016-06-01 20:18:00,1.11864,1.11876,1.11861,1.11876
2016-06-01 20:19:00,1.11876,1.11884,1.11876,1.11884
2016-06-01 20:20:00,1.11883,1.11885,1.11874,1.11879
2016-06-01 20:21:00,1.11883,1.11893,1.11883,1.11887
2016-06-01 20:22:00,1.11887,1.11898,1.11886,1.11888
2016-06-01 20:23:00,1.11887,1.11901,1.11886,1.11901
2016-06-01 20:24:00,1.11901,1.11909,1.11899,1.11908
2016-06-01 20:25:00,1.11906,1.11909,1.11896,1.11908
2016-06-01 20:26:00,1.11909,1.1191,1.11902,1.11906
2016-06-01 20:27:00,1.11906,1.11931,1.11901,1.11931
2016-06-01 20:28:00,1.11931,1.11932,1.11922,1.11928
2016-06-01 20:29:00,1.11929,1.11941,1.11928,1.1194
2016-06-01 20:30:00,1.11937,1.11939,1.1192,1.1192
2016-06-01 20:31:00,1.11921,1.11922,1.11916,1.11916
2016-06-01 20:32:00,1.11917,1.11917,1.11903,1.11904
2016-06-01 20:33:00,1.11901,1.1191,1.11901,1.1191
2016-06-01 20:34:00,1.1191,1.11924,1.1191,1.11921
2016-06-01 20:35:00,1.11921,1.11929,1.11921,1.11926
2016-06-01 20:36:00,1.11926,1.11927,1.11914,1.11916
2016-06-01 20:37:00,1.11916,1.11917,1.11915,1.11916
2016-06-01 20:38:00,1.11917,1.11924,1.11916,1.11924
2016-06-01 20:39:00,1.11924,1.11927,1.11924,1.11926
2016-06-01 20:40:00,1.11927,1.11932,1.11919,1.11921
2016-06-01 20:41:00,1.11921,1.11922,1.11917,1.11917
2016-06-01 20:42:00,1.11917,1.11918,1.11915,1.11917
2016-06-01 20:43:00,1.11916,1.11917,1.11915,1.11917
2016-06-01 20:44:00,1.11916,1.11916,1.11915,1.11916
2016-06-01 20:45:00,1.11916,1.11923,1.11914,1.11916
2016-06-01 20:46:00,1.11917,1.1192,1.1191,1.1192
2016-06-01 20:47:00,1.11919,1.11919,1.1191,1.11913
2016-06-01 20:48:00,1.11912,1.11916,1.11911,1.11914
2016-06-01 20:49:00,1.11913,1.11916,1.11909,1.11916
2016-06-01 20:50:00,1.11916,1.11918,1.11908,1.11908
2016-06-01 20:51:00,1.11907,1.11907,1.11897,1.11906
2016-06-01 20:52:00,1.11906,1.11907,1.11895,1.11901
2016-06-01 20:53:00,1.11901,1.11901,1.11894,1.11896
2016-06-01 20:54:00,1.11897,1.11905,1.11897,1.11898
2016-06-01 20:55:00,1.11897,1.11911,1.11896,1.11909
2016-06-01 20:56:00,1.11909,1.11914,1.11909,1.11909
2016-06-01 20:57:00,1.11908,1.11916,1.11908,1.11916
2016-06-01 20:58:00,1.11916,1.11921,1.11915,1.11915
2016-06-01 20:59:00,1.11915,1.1193,1.11914,1.11929
2016-06-01 21:00:00,1.1193,1.11936,1.11925,1.11933
2016-06-01 21:01:00,1.11931,1.11934,1.11924,1.11928
2016-06-01 21:02:00,1.11929,1.1193,1.11919,1.1192
2016-06-01 21:03:00,1.1192,1.1192,1.1191,1.1191
2016-06-01 21:04:00,1.1191,1.11916,1.1191,1.11911
2016-06-01 21:05:00,1.11908,1.11908,1.11905,1.11906
2016-06-01 21:06:00,1.11906,1.11906,1.11903,1.11905
2016-06-01 21:07:00,1.11905,1.11908,1.11905,1.11905
2016-06-01 21:08:00,1.11904,1.11904,1.119,1.11903
2016-06-01 21:09:00,1.11902,1.11903,1.11889,1.11894
2016-06-01 21:10:00,1.11894,1.11897,1.11886,1.11886
2016-06-01 21:11:00,1.11886,1.11891,1.11883,1.11891
2016-06-01 21:12:00,1.11892,1.11893,1.11875,1.11875
2016-06-01 21:13:00,1.11877,1.11881,1.11876,1.11881
2016-06-01 21:14:00,1.11882,1.11884,1.11867,1.11871
2016-06-01 21:15:00,1.11871,1.11871,1.11868,1.11868
2016-06-01 21:16:00,1.11868,1.11872,1.11865,1.11865
2016-06-01 21:17:00,1.11865,1.11867,1.11854,1.11866
2016-06-01 21:18:00,1.11866,1.11866,1.11866,1.11866
2016-06-01 21:19:00,1.11867,1.11873,1.11865,1.11865
2016-06-01 21:20:00,1.11864,1.11872,1.11859,1.11868
2016-06-01 21:21:00,1.11869,1.11869,1.11864,1.11865
2016-06-01 21:22:00,1.11865,1.11868,1.11865,1.11866
2016-06-01 21:23:00,1.11867,1.11872,1.11867,1.11872
2016-06-01 21:24:00,1.11872,1.11877,1.11872,1.11877
2016-06-01 21:25:00,1.11877,1.11887,1.11877,1.11887
2016-06-01 21:26:00,1.11887,1.11887,1.11884,1.11884
2016-06-01 21:27:00,1.11882,1.11883,1.1188,1.11883
2016-06-01 21:28:00,1.11883,1.11883,1.11882,1.11883
2016-06-01 21:29:00,1.11883,1.11885,1.11873,1.11879
2016-06-01 21:30:00,1.11877,1.11877,1.11868,1.1187
2016-06-01 21:31:00,1.1187,1.11875,1.11864,1.11874
2016-06-01 21:32:00,1.11874,1.1188,1.11874,1.1188
2016-06-01 21:33:00,1.1188,1.1188,1.11878,1.11878
2016-06-01 21:34:00,1.11877,1.11884,1.11877,1.11884
2016-06-01 21:35:00,1.11884,1.11884,1.11883,1.11884
2016-06-01 21:36:00,1.11884,1.11884,1.11878,1.11882
2016-06-01 21:37:00,1.11881,1.11884,1.11881,1.11882
2016-06-01 21:38:00,1.11883,1.11884,1.11882,1.11883
2016-06-01 21:39:00,1.11883,1.11889,1.11883,1.11888
2016-06-01 21:40:00,1.11889,1.1189,1.11884,1.11886
2016-06-01 21:41:00,1.11886,1.11886,1.1188,1.11884
2016-06-01 21:42:00,1.11885,1.11887,1.11885,1.11887
2016-06-01 21:43:00,1.11887,1.11887,1.11865,1.11865
2016-06-01 21:44:00,1.11865,1.11868,1.11863,1.11868
2016-06-01 21:45:00,1.11868,1.11868,1.11864,1.11865
2016-06-01 21:46:00,1.11862,1.11862,1.11859,1.1186
2016-06-01 21:47:00,1.11857,1.11865,1.11857,1.11864
2016-06-01 21:48:00,1.11862,1.11873,1.11862,1.11873
2016-06-01 21:49:00,1.11873,1.11873,1.11868,1.11869
2016-06-01 21:50:00,1.1187,1.1187,1.11867,1.11868
2016-06-01 21:51:00,1.11868,1.11868,1.11866,1.11868
2016-06-01 21:52:00,1.11868,1.11868,1.11867,1.11867
2016-06-01 21:53:00,1.11866,1.1187,1.11864,1.11866
2016-06-01 21:54:00,1.11866,1.11872,1.11866,1.11872
2016-06-01 21:55:00,1.11872,1.11873,1.11871,1.11872
2016-06-01 21:56:00,1.11871,1.11872,1.11871,1.11872
2016-06-01 21:57:00,1.11872,1.11877,1.11872,1.11876
2016-06-01 21:58:00,1.11873,1.11878,1.11873,1.11877
2016-06-01 21:59:00,1.11878,1.11889,1.11876,1.11889
2016-06-01 22:00:00,1.11889,1.11897,1.11882,1.11884
2016-06-01 22:01:00,1.11884,1.11885,1.1188,1.11882
2016-06-01 22:02:00,1.11882,1.11896,1.11882,1.11896
2016-06-01 22:03:00,1.11902,1.11926,1.11902,1.11925
2016-06-01 22:04:00,1.11921,1.11921,1.11899,1.11899
2016-06-01 22:05:00,1.11898,1.11902,1.1189,1.11891
2016-06-01 22:06:00,1.11891,1.11894,1.11886,1.11893
2016-06-01 22:07:00,1.11891,1.11896,1.11881,1.11881
2016-06-01 22:08:00,1.11877,1.11878,1.11854,1.11865
2016-06-01 22:09:00,1.11863,1.11877,1.11855,1.11868
2016-06-01 22:10:00,1.1187,1.11897,1.1187,1.11886
2016-06-01 22:11:00,1.11886,1.11886,1.11867,1.11871
2016-06-01 22:12:00,1.11872,1.11879,1.11871,1.11876
2016-06-01 22:13:00,1.11874,1.11916,1.11873,1.11911
2016-06-01 22:14:00,1.11913,1.11918,1.1191,1.1191
2016-06-01 22:15:00,1.1191,1.11912,1.11895,1.11895
2016-06-01 22:16:00,1.11895,1.11895,1.11878,1.11879
2016-06-01 22:17:00,1.11878,1.11891,1.11872,1.11891
2016-06-01 22:18:00,1.11891,1.11895,1.11884,1.11885
2016-06-01 22:19:00,1.11886,1.11887,1.11886,1.11886
2016-06-01 22:20:00,1.11887,1.11896,1.11886,1.11886
2016-06-01 22:21:00,1.11886,1.11886,1.11886,1.11886
2016-06-01 22:22:00,1.11886,1.11887,1.11886,1.11886
2016-06-01 22:23:00,1.11887,1.11887,1.11886,1.11886
2016-06-01 22:24:00,1.11887,1.11887,1.11886,1.11887
2016-06-01 22:25:00,1.11888,1.11893,1.11887,1.11893
2016-06-01 22:26:00,1.11894,1.11895,1.11873,1.11875
2016-06-01 22:27:00,1.11875,1.11877,1.11873,1.11875
2016-06-01 22:28:00,1.11875,1.11877,1.11875,1.11875
2016-06-01 22:29:00,1.11875,1.11876,1.11875,1.11875
2016-06-01 22:30:00,1.11875,1.11876,1.11871,1.11871
2016-06-01 22:31:00,1.11872,1.11872,1.11846,1.11862
2016-06-01 22:32:00,1.11861,1.11866,1.11861,1.11863
2016-06-01 22:33:00,1.1186,1.11867,1.1186,1.11862
2016-06-01 22:34:00,1.11862,1.11862,1.11846,1.11848
2016-06-01 22:35:00,1.11847,1.11853,1.11847,1.11851
2016-06-01 22:36:00,1.11851,1.11851,1.11851,1.11851
2016-06-01 22:37:00,1.11851,1.11854,1.11851,1.11853
2016-06-01 22:38:00,1.11853,1.11854,1.11853,1.11853
2016-06-01 22:39:00,1.11854,1.11854,1.11853,1.11854
2016-06-01 22:40:00,1.11853,1.11854,1.11853,1.11853
2016-06-01 22:41:00,1.11853,1.11854,1.11853,1.11853
2016-06-01 22:42:00,1.11854,1.11861,1.11853,1.11859
2016-06-01 22:43:00,1.11858,1.11864,1.11847,1.11855
2016-06-01 22:44:00,1.11855,1.11864,1.11853,1.1186
2016-06-01 22:45:00,1.11862,1.11866,1.1186,1.1186
2016-06-01 22:46:00,1.11863,1.11865,1.1186,1.11863
2016-06-01 22:47:00,1.11863,1.11864,1.1186,1.11864
2016-06-01 22:48:00,1.11864,1.11868,1.11847,1.11847
2016-06-01 22:49:00,1.11847,1.11875,1.11847,1.11874
2016-06-01 22:50:00,1.11874,1.11878,1.11858,1.11859
2016-06-01 22:51:00,1.11858,1.11859,1.11842,1.11855
2016-06-01 22:52:00,1.11855,1.11856,1.11855,1.11855
2016-06-01 22:53:00,1.11855,1.11857,1.11855,1.11855
2016-06-01 22:54:00,1.11855,1.11858,1.11855,1.11855
2016-06-01 22:55:00,1.11849,1.11855,1.11841,1.11855
2016-06-01 22:56:00,1.11856,1.11872,1.11856,1.1187
2016-06-01 22:57:00,1.1187,1.11871,1.11868,1.1187
2016-06-01 22:58:00,1.1187,1.11872,1.11869,1.1187
2016-06-01 22:59:00,1.1187,1.11873,1.11868,1.11868
2016-06-01 23:00:00,1.11863,1.11863,1.1185,1.11859
2016-06-01 23:01:00,1.11859,1.11877,1.11859,1.11877
2016-06-01 23:02:00,1.11877,1.11884,1.11877,1.11881
2016-06-01 23:03:00,1.11881,1.11881,1.11877,1.11878
2016-06-01 23:04:00,1.11878,1.11879,1.11871,1.11872
2016-06-01 23:05:00,1.11872,1.11874,1.11869,1.11873
2016-06-01 23:06:00,1.11874,1.11877,1.11871,1.11874
2016-06-01 23:07:00,1.11873,1.11874,1.11872,1.11874
2016-06-01 23:08:00,1.11874,1.11877,1.11853,1.11864
2016-06-01 23:09:00,1.11864,1.11867,1.11863,1.11865
2016-06-01 23:10:00,1.11865,1.11865,1.11863,1.11864
2016-06-01 23:11:00,1.11862,1.11864,1.11859,1.11859
2016-06-01 23:12:00,1.11859,1.11864,1.11858,1.11864
2016-06-01 23:13:00,1.11864,1.11864,1.11864,1.11864
2016-06-01 23:14:00,1.11864,1.11864,1.11864,1.11864
2016-06-01 23:15:00,1.11864,1.11868,1.11864,1.11868
2016-06-01 23:16:00,1.11864,1.11868,1.11863,1.11864
2016-06-01 23:17:00,1.11864,1.11864,1.11862,1.11863
2016-06-01 23:18:00,1.11863,1.11863,1.11852,1.11854
2016-06-01 23:19:00,1.11854,1.11854,1.11853,1.11854
2016-06-01 23:20:00,1.11853,1.11853,1.11848,1.1185
2016-06-01 23:21:00,1.11851,1.11853,1.11851,1.11852
2016-06-01 23:22:00,1.11852,1.11853,1.11851,1.11851
2016-06-01 23:23:00,1.11852,1.11852,1.11847,1.11848
2016-06-01 23:24:00,1.11845,1.11848,1.11841,1.11847
2016-06-01 23:25:00,1.11848,1.11848,1.11843,1.11845
2016-06-01 23:26:00,1.11846,1.11848,1.11845,1.11848
2016-06-01 23:27:00,1.11848,1.11852,1.11848,1.11852
2016-06-01 23:28:00,1.11851,1.11853,1.1185,1.11853
2016-06-01 23:29:00,1.11853,1.11853,1.11849,1.11853
2016-06-01 23:30:00,1.11853,1.11854,1.11848,1.11848
2016-06-01 23:31:00,1.11848,1.11848,1.11848,1.11848
2016-06-01 23:32:00,1.11848,1.11849,1.11845,1.11848
2016-06-01 23:33:00,1.11846,1.11848,1.11844,1.11848
2016-06-01 23:34:00,1.11848,1.11849,1.11845,1.11848
2016-06-01 23:35:00,1.11848,1.11848,1.11842,1.11846
2016-06-01 23:36:00,1.11844,1.11851,1.11842,1.11843
2016-06-01 23:37:00,1.11843,1.11846,1.11843,1.11844
2016-06-01 23:38:00,1.11844,1.11855,1.11844,1.11854
2016-06-01 23:39:00,1.11854,1.11854,1.11849,1.11854
2016-06-01 23:40:00,1.1185,1.11854,1.1185,1.11854
2016-06-01 23:41:00,1.11854,1.11854,1.1185,1.1185
2016-06-01 23:42:00,1.1185,1.11855,1.11849,1.11854
2016-06-01 23:43:00,1.11854,1.11859,1.11851,1.11855
2016-06-01 23:44:00,1.11854,1.11854,1.11852,1.11854
2016-06-01 23:45:00,1.11854,1.11854,1.1185,1.1185
2016-06-01 23:46:00,1.1185,1.11854,1.1185,1.11854
2016-06-01 23:47:00,1.11855,1.11855,1.11849,1.1185
2016-06-01 23:48:00,1.1185,1.1185,1.11845,1.11845
2016-06-01 23:49:00,1.11845,1.11849,1.11845,1.11849
2016-06-01 23:50:00,1.11848,1.11849,1.11845,1.11849
2016-06-01 23:51:00,1.11849,1.11853,1.11849,1.11852
2016-06-01 23:52:00,1.11852,1.11854,1.11851,1.11854
2016-06-01 23:53:00,1.11853,1.11853,1.11848,1.11851
2016-06-01 23:54:00,1.11852,1.11853,1.11848,1.11848
2016-06-01 23:55:00,1.11848,1.1185,1.11848,1.11849
2016-06-01 23:56:00,1.11849,1.11849,1.11848,1.11848
2016-06-01 23:57:00,1.11848,1.11848,1.11848,1.11848
2016-06-01 23:58:00,1.11849,1.11854,1.11849,1.11854
2016-06-01 23:59:00,1.11853,1.11854,1.1185,1.11853
